#  ==========================================================================
#  
#  Wavefront OBJ format exported by Red-i Productions' "Riptide Pro"
#     (a commercial plugin for Cinema 4D PC & Mac, R9.6 or later)
#  
#  Red-i Productions
#  http://skinprops.com
#  
#  ==========================================================================
mtllib Zidane_Piece.mtl
o 0001_r_sym309
v 0.113227 0.201787 -0.016094
v 0.073526 0.18912 -0.042037
v 0.093808 0.233201 -0.001841
v 0.054564 0.220673 -0.027479
v 0.040285 0.145548 0.032733
v 0.077385 0.157377 0.056962
v 0.027238 0.192547 0.042188
v 0.056049 0.201737 0.061024
v 0.084137 0.163774 -0.040552
v 0.118876 0.174854 -0.017846
v 0.087082 0.140408 -0.025766
v 0.114712 0.149229 -0.007705
v -0.039714 0.178243 -0.120437
v -0.022046 0.169359 -0.08231
v -0.046694 0.151336 -0.118267
v -0.032644 0.144266 -0.087945
v -0.117365 0.14933 -0.092857
v -0.098491 0.139837 -0.05214
v -0.131288 0.192027 -0.072334
v -0.116641 0.184653 -0.040705
v 0.101056 0.091708 -0.012553
v 0.118837 0.096734 -0.001409
v 0.031845 0.704475 -0.001739
v 0.021133 0.701036 0.00236
v 0.02192 0.736003 -0.001206
v 0.01122 0.732563 0.002893
v 0.02192 0.736003 -0.001206
v 0.01122 0.732563 0.002893
v 0.031845 0.704475 -0.001739
v 0.021133 0.701036 0.00236
v 0.09273 0.000743 -0.02046
v 0.131162 0.000743 -0.004544
v 0.063766 0.000743 0.01622
v 0.125729 0.000743 0.041884
v -0.044727 0.098333 -0.124042
v -0.035931 0.094297 -0.104699
v -0.023506 0.026774 -0.100421
v -0.026057 -6e-006 -0.099977
v -0.038762 0.026774 -0.140173
v -0.040958 -6e-006 -0.138803
v 0.063017 0.017204 0.015903
v 0.126478 0.017204 0.042188
v 0.040755 0.000743 0.055591
v 0.114129 0.000743 0.085989
v 0.132583 0.027523 -0.006702
v 0.131162 0.000743 -0.004544
v 0.09325 0.027523 -0.022986
v 0.09273 0.000743 -0.02046
v -0.026031 0.194324 -0.071471
v -0.046225 0.204478 -0.115043
v -0.063474 -6e-006 -0.071966
v -0.087513 -6e-006 -0.134589
v -0.026057 -6e-006 -0.099977
v -0.040958 -6e-006 -0.138803
v -0.087804 0.016456 -0.13535
v -0.063182 0.016456 -0.071217
v -0.131897 -6e-006 -0.124143
v -0.103441 -6e-006 -0.050008
v -0.047976 0.222983 -0.055186
v -0.067941 0.23301 -0.098251
v -0.296617 0.590689 0.009328
v -0.287491 0.587313 0.014177
v -0.277845 0.613599 -0.010713
v -0.266892 0.60955 -0.0049
v -0.267488 0.595398 -0.007603
v -0.281196 0.585498 0.00519
v -0.283023 0.601338 -0.016209
v -0.292365 0.589636 -0.000749
v 0.064121 0.408594 0.146874
v 0.072765 0.405967 0.152928
v 0.071381 0.443625 0.148346
v 0.081751 0.440477 0.155606
v 0.088909 0.431516 0.146899
v 0.079606 0.41211 0.146912
v 0.073894 0.435756 0.136529
v 0.069021 0.415321 0.139499
v 0.078235 0.410701 0.125792
v 0.071305 0.404748 0.124497
v 0.071534 0.413722 0.136314
v 0.065809 0.407236 0.133128
v -0.305984 0.575979 0.01867
v -0.31332 0.572133 0.022718
v -0.306314 0.565292 0.011549
v -0.313599 0.563363 0.01688
v 0.263694 0.525477 -0.264113
v 0.224564 0.47236 -0.150048
v 0.243082 0.453613 -0.146735
v 0.170888 0.459109 -0.038496
v 0.162296 0.440667 -0.008339
v 0.177349 0.430323 -0.004811
v 0.161039 0.423825 -0.013429
v 0.140858 0.451024 0.024394
v 0.286007 0.512645 -0.272426
v 0.282859 0.609842 -0.363925
v 0.305058 0.475431 -0.304652
v 0.120805 0.432049 0.060148
v 0.163946 0.400446 0.018822
v 0.134893 0.417212 0.061176
v 0.226772 0.447115 -0.155353
v 0.269697 0.506147 -0.281057
v 0.120614 0.451875 0.062077
v 0.132926 0.436872 0.066595
v 0.194864 0.395927 -0.036262
v 0.188505 0.455479 -0.069097
v 0.176105 0.410181 -0.011512
v 0.248755 0.417238 -0.154287
v -0.100738 0.223516 -0.227394
v -0.128635 0.183447 -0.246547
v 0.013886 0.191583 -0.28767
v -0.106132 0.231157 -0.24458
v -0.192845 0.325219 -0.175585
v -0.220514 0.302094 -0.165012
v -0.269405 0.407223 -0.102973
v -0.187451 0.317591 -0.158399
v -0.090724 0.247809 -0.229869
v -0.168971 0.33338 -0.167297
v -0.244008 0.445135 -0.083998
v -0.261789 0.438484 -0.091486
v -0.278416 0.463399 -0.075189
v -0.254745 0.520933 -0.04879
v -0.272667 0.51314 -0.054907
v -0.258769 0.526645 -0.061558
v -0.231531 0.493772 -0.07642
v -0.249402 0.452776 -0.101183
v -0.204662 0.404368 -0.124562
v -0.208609 0.436136 -0.109217
v -0.239832 0.531099 -0.057243
v -0.233486 0.456596 -0.092324
v 0.027238 0.192547 0.042188
v 0.037595 0.164333 -0.01051
v 0.040285 0.145548 0.032733
v 0.073526 0.18912 -0.042037
v 0.084137 0.163774 -0.040552
v 0.069211 0.137641 0.036413
v 0.115487 0.150244 0.029471
v 0.083287 0.091797 0.036756
v 0.108811 0.043325 0.065199
v 0.087424 0.073824 0.044638
v 0.07166 0.04712 0.084771
v 0.060771 0.043325 0.045298
v 0.040285 0.028856 0.067852
v 0.063017 0.017204 0.015903
v -0.095953 0.132374 -0.081307
v -0.098491 0.139837 -0.05214
v -0.055592 0.133465 -0.066546
v -0.071774 0.398326 -0.082424
v -0.041288 0.409749 -0.069148
v -0.075912 0.421604 -0.08415
v -0.054373 0.432075 -0.072207
v -0.098783 0.490624 -0.0008
v -0.085571 0.488174 -0.034955
v -0.100535 0.464211 -0.045274
v 0.117073 0.098422 0.029204
v -0.114217 0.429765 -0.080152
v -0.075912 0.421604 -0.08415
v -0.071774 0.398326 -0.082424
v -0.043306 0.486829 0.06162
v 0.003503 0.456952 0.063702
v -0.039041 0.447978 0.080836
v -0.098783 0.490624 -0.0008
v -0.121426 0.45025 -0.017935
v -0.100535 0.464211 -0.045274
v -0.068538 0.432049 0.063118
v -0.003084 0.380976 0.099189
v 0.026806 0.197523 -0.002818
v 0.054564 0.220673 -0.027479
v -0.020955 0.364831 0.090254
v 0.032238 0.394785 0.08057
v 0.085888 0.028856 0.126871
v 0.052406 0.037499 0.131275
v 0.052444 0.000743 0.131148
v 0.026286 0.028856 0.107528
v 0.02357 0.000743 0.105053
v -0.178655 -6e-006 -0.063665
v -0.153334 -6e-006 -0.034117
v -0.155733 0.028107 -0.036897
v -0.178782 0.03675 -0.063627
v -0.173502 0.028107 -0.096982
v 0.113494 0.188549 0.039091
v -0.059488 0.164345 -0.041783
v -0.047976 0.222983 -0.055186
v -0.073551 0.195809 -0.032328
v -0.114217 0.429765 -0.080152
v -0.032314 0.446125 -0.05511
v -0.115651 0.404698 -0.082081
v -0.002322 0.437596 -0.037506
v -0.146278 0.427176 -0.041479
v -0.007323 0.467029 -0.031325
v -0.14808 0.401195 -0.041682
v 0.011017 0.478643 0.012158
v -0.049093 0.479582 -0.051823
v -0.032314 0.446125 -0.05511
v -0.007323 0.467029 -0.031325
v -0.123013 0.43125 0.005559
v 0.019572 0.450364 0.014646
v -0.052749 0.452839 -0.061685
v -0.113011 0.413316 0.025866
v 0.003503 0.456952 0.063702
v -0.079085 0.488644 0.038279
v -0.113011 0.413316 0.025866
v -0.123013 0.43125 0.005559
v -0.004544 0.484836 0.049689
v -0.082943 0.147223 -0.125565
v -0.116641 0.184653 -0.040705
v -0.022046 0.169359 -0.08231
v 0.06171 0.133084 -0.005674
v 0.087082 0.140408 -0.025766
v -0.042963 0.070448 -0.127722
v 0.017262 0.704881 -0.015587
v 0.027504 0.684701 -0.018798
v 0.016564 0.687112 -0.043027
v 0.006143 0.696035 -0.000229
v 0.016817 0.675524 -0.003313
v 0.105803 0.028856 0.094988
v 0.126478 0.017204 0.042188
v 0.12196 0.071514 0.02678
v 0.120259 0.070943 -0.002463
v 0.068208 0.044797 0.093109
v -0.085571 0.488174 -0.034955
v -0.029001 0.663099 0.003782
v -0.020269 0.651739 -0.00556
v -0.036528 0.665764 -0.014977
v -0.008554 0.653871 0.00382
v -0.0099 0.665155 0.010623
v 0.051594 0.462739 0.061277
v 0.088668 0.358168 0.076673
v 0.069871 0.354614 0.09858
v 0.03267 0.459452 0.083095
v -0.098085 0.183752 -0.125082
v 0.152218 0.421743 0.074947
v 0.090673 0.443282 0.089111
v 0.095395 0.487705 0.032796
v -0.164669 0.236018 -0.022022
v -0.177716 0.246832 -0.045477
v -0.136619 0.333583 0.00486
v -0.149692 0.344092 -0.018607
v -0.177754 0.555189 -0.060923
v -0.244858 0.561053 -0.035856
v -0.266333 0.531315 -0.091588
v -0.026031 0.194324 -0.071471
v 0.077575 0.486677 0.120791
v 0.084226 0.525439 0.060351
v 0.084226 0.525439 0.060351
v 0.077575 0.486677 0.120791
v 0.109204 0.537382 0.069883
v 0.145402 0.473375 0.023632
v 0.153487 0.477856 0.116425
v 0.101056 0.091708 -0.012553
v 0.10037 0.070372 -0.011132
v 0.078755 0.070296 0.007957
v 0.146697 0.516021 0.05516
v 0.109877 0.502453 0.133356
v -0.072142 0.070613 -0.130629
v -0.087043 0.08776 -0.095103
v -0.091422 0.072212 -0.097248
v 0.10037 0.070372 -0.011132
v -0.03503 0.070004 -0.107466
v -0.035931 0.094297 -0.104699
v -0.054919 0.069636 -0.086625
v -0.108391 0.213337 -0.107516
v 0.077245 0.087139 0.004251
v -0.075239 0.096112 -0.127227
v -0.055516 0.087075 -0.083909
v -0.236265 0.615223 -0.028787
v 0.006143 0.696035 -0.000229
v -0.015586 0.663048 0.01603
v 0.009976 0.655293 0.036807
v -0.03503 0.070004 -0.107466
v 0.02357 0.000743 0.105053
v 0.08995 0.000743 0.126223
v 0.040755 0.000743 0.055591
v 0.08995 0.000743 0.126223
v 0.114129 0.000743 0.085989
v 0.095306 0.219391 0.041947
v 0.026806 0.197523 -0.002818
v 0.027238 0.192547 0.042188
v 0.09325 0.027523 -0.022986
v 0.09273 0.000743 -0.02046
v 0.063766 0.000743 0.01622
v 0.056049 0.201737 0.061024
v 0.054564 0.220673 -0.027479
v 0.095306 0.219391 0.041947
v 0.093808 0.233201 -0.001841
v 0.125729 0.000743 0.041884
v 0.052444 0.000743 0.131148
v -0.004544 0.484836 0.049689
v -0.032644 0.144266 -0.087945
v -0.033101 0.651599 -0.012883
v -0.041744 0.663644 -0.009126
v -0.023392 0.676451 -0.041974
v 0.007095 0.70775 -0.037557
v -0.015586 0.663048 0.01603
v -0.007767 0.658478 0.019558
v 0.006143 0.696035 -0.000229
v 0.016817 0.675524 -0.003313
v -0.11126 0.042576 -0.118279
v -0.131796 0.046371 -0.081662
v -0.092628 0.042576 -0.069744
v -0.115702 0.028107 -0.049856
v -0.063182 0.016456 -0.071217
v -0.177716 0.246832 -0.045477
v -0.164669 0.236018 -0.022022
v -0.136619 0.333583 0.00486
v -0.149692 0.344092 -0.018607
v -0.113011 0.413316 0.025866
v -0.123013 0.43125 0.005559
v -0.123013 0.43125 0.005559
v -0.146278 0.427176 -0.041479
v -0.14808 0.401195 -0.041682
v -0.039041 0.447978 0.080836
v -0.043306 0.486829 0.06162
v -0.068538 0.432049 0.063118
v 0.003503 0.456952 0.063702
v -0.003084 0.380976 0.099189
v -0.020955 0.364831 0.090254
v -0.041288 0.409749 -0.069148
v -0.054373 0.432075 -0.072207
v -0.032314 0.446125 -0.05511
v -0.115651 0.404698 -0.082081
v -0.079085 0.488644 0.038279
v -0.002322 0.437596 -0.037506
v -0.113011 0.413316 0.025866
v -0.052749 0.452839 -0.061685
v -0.049093 0.479582 -0.051823
v -0.032314 0.446125 -0.05511
v -0.007323 0.467029 -0.031325
v -0.007323 0.467029 -0.031325
v -0.121426 0.45025 -0.017935
v -0.004544 0.484836 0.049689
v 0.032238 0.394785 0.08057
v 0.011017 0.478643 0.012158
v 0.019572 0.450364 0.014646
v 0.003503 0.456952 0.063702
v -0.004544 0.484836 0.049689
v -0.014482 0.700566 -0.046061
v -0.008123 0.685513 -0.053054
v -0.029255 0.686643 -0.034168
v -0.141124 0.028107 -0.116058
v -0.087804 0.016456 -0.13535
v -0.029255 0.686643 -0.034168
v -0.041744 0.663644 -0.009126
v -0.063258 0.655813 -0.033584
v -0.140223 0.044048 -0.078426
v -0.045692 0.659354 -0.016894
v -0.029255 0.686643 -0.034168
v -0.023392 0.676451 -0.041974
v -0.007425 0.642232 0.018822
v -0.045349 0.643108 -0.017643
v -0.007425 0.642232 0.018822
v -0.007767 0.658478 0.019558
v -0.032352 0.633221 0.006574
v -0.029585 0.656625 0.004239
v -0.045692 0.659354 -0.016894
v -0.170342 0.602277 -0.054996
v -0.236265 0.615223 -0.028787
v -0.170342 0.602277 -0.054996
v -0.176917 0.615693 -0.080177
v -0.194876 0.53492 -0.106603
v -0.260914 0.600412 -0.099736
v -0.190853 0.587415 -0.113114
v -0.244731 0.632993 -0.061393
v -0.172753 -6e-006 -0.101031
v -0.153334 -6e-006 -0.034117
v -0.103441 -6e-006 -0.050008
v -0.131897 -6e-006 -0.124143
v -0.172753 -6e-006 -0.101031
v -0.073551 0.195809 -0.032328
v -0.108391 0.213337 -0.107516
v -0.116641 0.184653 -0.040705
v -0.023506 0.026774 -0.100421
v -0.026057 -6e-006 -0.099977
v -0.063474 -6e-006 -0.071966
v -0.131288 0.192027 -0.072334
v -0.047976 0.222983 -0.055186
v -0.067941 0.23301 -0.098251
v -0.087513 -6e-006 -0.134589
v -0.178655 -6e-006 -0.063665
v -0.012464 0.65113 0.006955
v 0.102401 0.415143 0.092437
v 0.07694 0.431478 0.111754
v 0.084365 0.432836 0.116983
v -0.292365 0.589636 -0.000749
v 0.088503 0.405485 0.150542
v 0.095928 0.401982 0.138522
v 0.122467 0.411678 0.093554
v 0.118533 0.405777 0.095699
v 0.094595 0.412262 0.130183
v 0.091981 0.426097 0.148981
v 0.100345 0.421528 0.133204
v 0.085876 0.39712 0.128178
v 0.07694 0.431478 0.111754
v 0.102401 0.415143 0.092437
v 0.114928 0.395826 0.099303
v 0.133827 0.407909 0.104266
v 0.110359 0.41428 0.094899
v 0.094202 0.389822 0.156977
v 0.088503 0.405485 0.150542
v 0.071534 0.413722 0.136314
v 0.135109 0.452687 0.096105
v 0.128636 0.459858 0.122962
v 0.114751 0.409229 0.145973
v -0.301986 0.552943 -0.055491
v -0.311809 0.589255 -0.029205
v -0.270242 0.596667 -0.067955
v 0.079606 0.41211 0.146912
v 0.093923 0.480318 0.116565
v 0.102985 0.460696 0.102324
v 0.09919 0.45784 0.105421
v 0.112161 0.450479 0.079833
v 0.117086 0.444957 0.091091
v 0.133497 0.45704 0.100484
v 0.128953 0.474974 0.113607
v 0.107224 0.487616 0.122327
v 0.106247 0.466572 0.142939
v 0.089518 0.465417 0.132963
v 0.093923 0.480318 0.116565
v 0.091981 0.426097 0.148981
v 0.090229 0.453106 0.150466
v 0.107161 0.414712 0.158627
v 0.088909 0.431516 0.146899
v 0.079999 0.460137 0.141873
v -0.288646 0.546165 -0.049678
v -0.248602 0.55557 -0.06006
v -0.249199 0.581373 -0.04554
v -0.28975 0.585346 -0.024763
v -0.283023 0.601338 -0.016209
v -0.289915 0.601287 -0.015498
v -0.252143 0.608877 -0.033521
v -0.264099 0.617572 -0.046264
v -0.255722 0.613764 -0.020841
v -0.31332 0.572133 0.022718
v -0.327751 0.592619 -0.00622
v -0.328093 0.582706 -0.01268
v 0.088909 0.431516 0.146899
v 0.073894 0.435756 0.136529
v -0.310197 0.603026 -0.021742
v 0.079999 0.460137 0.141873
v -0.309994 0.592403 -0.004316
v -0.305984 0.575979 0.01867
v -0.305984 0.575979 0.01867
v -0.265762 0.570014 -0.077157
v 0.100243 0.386979 0.147191
v 0.065809 0.407236 0.133128
v -0.283023 0.601338 -0.016209
v -0.292365 0.589636 -0.000749
v -0.304956 0.542104 -0.032061
v -0.315795 0.569785 -0.003846
v -0.285295 0.542687 -0.017668
v 0.089518 0.465417 0.132963
v -0.253539 0.59814 -0.07609
v -0.245429 0.614843 -0.057039
v -0.302328 0.577312 -0.012299
v -0.279063 0.572095 0.00071
v -0.294281 0.542573 -0.035348
v 0.071305 0.404748 0.124497
v 0.071534 0.413722 0.136314
v 0.079606 0.41211 0.146912
v -0.285295 0.542687 -0.017668
v -0.279267 0.566815 0.008211
v -0.289915 0.601287 -0.015498
v -0.256814 0.575789 -0.078185
v -0.310401 0.580206 -0.012261
v -0.246901 0.581881 -0.049691
v -0.279267 0.566815 0.008211
v -0.286184 0.544591 -0.025779
v -0.309994 0.592403 -0.004316
v -0.242028 0.606542 -0.04351
v -0.252943 0.561738 -0.061114
v -0.242028 0.606542 -0.04351
v -0.269925 0.617038 -0.024789
v -0.313599 0.563363 0.01688
v -0.252143 0.608877 -0.033521
v -0.255722 0.613764 -0.020841
v -0.267488 0.595398 -0.007603
v -0.045349 0.643108 -0.017643
v -0.030042 0.654366 -0.016843
v -0.044054 0.548247 0.017553
v -0.014938 0.593279 0.042848
v -0.046364 0.601097 0.020383
v -0.012464 0.65113 0.006955
v -0.070226 0.594535 -0.010307
v -0.023328 0.651219 -0.002387
v -0.033101 0.651599 -0.012883
v 0.063956 0.397209 0.16793
v 0.133002 0.247505 0.150085
v 0.09523 0.40966 0.184455
v 0.164263 0.259956 0.16661
v -0.312139 0.622471 0.021792
v -0.350774 0.461559 0.032403
v -0.326748 0.623702 -0.012718
v -0.365396 0.46279 -0.002108
# 491 vertices

vt 0.69728 0.10934
vt 0.75784 0.01169
vt 0.75784 0.10934
vt 0.69728 0.01169
vt 0.69728 0.37890
vt 0.77346 0.27731
vt 0.77346 0.37890
vt 0.69728 0.27731
vt 0.78909 0.01169
vt 0.78909 0.10934
vt 0.81642 0.01169
vt 0.81642 0.10934
vt 0.86916 0.01169
vt 0.86916 0.10934
vt 0.40429 0.71482
vt 0.58791 0.58201
vt 0.58791 0.71482
vt 0.40429 0.58201
vt 0.88020 0.42692
vt 0.83603 0.39055
vt 0.86676 0.38338
vt 0.83259 0.43809
vt 0.95899 0.10934
vt 0.99416 0.01169
vt 0.95899 0.01169
vt 0.99416 0.10934
vt 0.88147 0.44842
vt 0.83232 0.45995
vt 0.89020 0.51797
vt 0.83302 0.52515
vt 0.59180 0.39452
vt 0.60548 0.44530
vt 0.59377 0.46092
vt 0.60353 0.39061
vt 0.62110 0.39061
vt 0.61524 0.42577
vt 0.63086 0.39452
vt 0.62502 0.42967
vt 0.41603 0.56639
vt 0.43752 0.55077
vt 0.41603 0.54686
vt 0.43752 0.56639
vt 0.59794 0.84372
vt 0.59013 0.99216
vt 0.45315 0.99216
vt 0.82563 0.88279
vt 0.83791 0.94919
vt 0.77346 0.98656
vt 0.92385 0.96872
vt 0.43947 0.87497
vt 0.30860 0.99216
vt 0.41603 0.73045
vt 0.99611 0.89841
vt 0.93166 0.76951
vt 0.99611 0.83201
vt 0.99611 0.96872
vt 0.78711 0.73045
vt 0.72072 0.99216
vt 0.83791 0.78123
vt 0.60183 0.73045
vt 0.75978 0.20309
vt 0.80079 0.32418
vt 0.80666 0.20309
vt 0.84572 0.32418
vt 0.89649 0.45702
vt 0.87111 0.32418
vt 0.92774 0.35155
vt 0.94923 0.43749
vt 0.97072 0.28121
vt 1.36136 0.10153
vt 1.29886 0.01169
vt 1.36917 0.01169
vt 1.30472 0.10153
vt 0.41603 0.21481
vt 0.41211 0.11325
vt 0.33009 0.11325
vt 0.85548 0.21090
vt 0.36915 0.01169
vt 0.36134 0.10153
vt 0.46096 0.10153
vt 1.10549 0.27340
vt 1.03128 0.21871
vt 1.12306 0.11325
vt 1.41604 0.21481
vt 1.34573 0.28902
vt 1.33011 0.11325
vt 1.15628 0.30465
vt 1.08399 0.52733
vt 0.69728 0.20309
vt 1.13087 0.55077
vt 1.00392 0.49998
vt 0.99416 0.61717
vt 0.92580 0.61717
vt 0.95118 0.53905
vt 0.99416 0.53123
vt 1.46098 0.10153
vt 1.24025 0.10153
vt 1.46681 0.01169
vt 1.19142 0.01169
vt 1.55080 0.10153
vt 1.16993 0.10153
vt 1.55275 0.01169
vt 1.08205 0.10153
vt 1.58792 0.11325
vt 1.55080 0.21481
vt 1.49417 0.11325
vt 1.64650 0.10153
vt 1.08597 0.01169
vt 1.51174 0.21481
vt 1.68556 0.01169
vt 1.00587 0.01169
vt 1.21878 0.11325
vt 1.23049 0.38280
vt 1.29688 0.35155
vt 1.00587 0.10153
vt 0.90041 0.10934
vt 0.82034 0.51561
vt 0.75784 0.51561
vt 0.75784 0.59764
vt 0.69534 0.59764
vt 0.69534 0.51561
vt 0.89455 0.23043
vt 0.90041 0.49217
vt 1.41212 0.11325
vt 0.15840 0.38828
vt 0.22032 0.66619
vt 0.15840 0.66619
vt 0.22032 0.38828
vt 0.82034 0.50389
vt 0.82034 0.39061
vt 0.64259 0.39061
vt 0.64259 0.50389
vt 0.09960 0.78904
vt 0.00391 0.78904
vt 0.00391 0.55077
vt 1.23049 0.66014
vt 1.29688 0.99216
vt 1.23049 0.99216
vt 1.29688 0.66014
vt 0.00391 0.89841
vt 0.09960 0.89841
vt 0.00391 0.99216
vt 0.09960 0.99216
vt 0.09960 0.55077
vt 0.90041 0.01169
vt 0.69023 0.33905
vt 0.63107 0.24466
vt 0.69023 0.11110
vt 0.84177 0.59473
vt 0.89144 0.59243
vt 0.99416 0.40624
vt 0.61329 0.32027
vt 0.69142 0.37499
vt 0.69142 0.07419
vt 0.99416 0.28121
vt 0.61329 0.14840
vt 0.86642 0.61696
vt 1.04298 0.11325
vt 0.59572 0.59764
vt 0.59572 0.51561
vt 0.82034 0.59764
vt 0.99611 0.62889
vt 0.99611 0.76560
vt 0.86722 0.73826
vt 0.23047 0.66014
vt 0.23047 0.99216
vt 0.29689 0.99216
vt 0.29689 0.66014
vt 0.23047 0.38280
vt 0.29689 0.35155
vt 0.55273 0.01169
vt 0.55079 0.10153
vt 0.64649 0.10153
vt 0.15627 0.30465
vt 0.12304 0.11325
vt 0.10547 0.27340
vt 0.03127 0.21871
vt 0.08398 0.52733
vt 0.13085 0.55077
vt 0.29884 0.01169
vt 0.24023 0.10153
vt 0.30471 0.10153
vt 0.46680 0.01169
vt 0.21877 0.11325
vt 0.19141 0.01169
vt 0.68555 0.01169
vt 0.49416 0.11325
vt 0.51173 0.21481
vt 0.55079 0.21481
vt 0.16992 0.10153
vt 0.58791 0.11325
vt 0.34572 0.28902
vt 0.04297 0.11325
vt 0.00391 0.49998
vt 0.08203 0.10153
vt 0.08595 0.01169
vt 0.00585 0.01169
vt 0.00585 0.10153
vt 0.82815 0.62889
vt 0.10471 0.99252
vt 0.22199 0.68021
vt 0.14207 0.68058
vt 0.22199 0.99216
vt 0.47659 0.52733
vt 0.60940 0.46092
vt 0.41603 0.45311
vt 0.39065 0.45311
vt 0.47072 0.44530
vt 0.47659 0.37890
vt 0.39065 0.38280
vt 0.41603 0.38671
vt 0.49221 0.52733
vt 0.54298 0.54686
vt 0.54103 0.48045
vt 0.49023 0.45702
vt 0.49023 0.39452
vt 0.46485 0.51170
vt 0.57423 0.54686
vt 0.58009 0.45311
vt 0.56055 0.47655
vt 0.49023 0.28121
vt 0.52346 0.28121
vt 0.54298 0.42577
vt 0.43360 0.28121
vt 0.43555 0.24215
vt 0.40429 0.24215
vt 0.46485 0.28121
vt 0.46485 0.24215
vt 0.49023 0.24215
vt 0.52346 0.24215
vt 0.57228 0.27340
vt 0.56642 0.24215
vt 0.60548 0.29684
vt 0.59961 0.24215
vt 0.59180 0.35546
vt 0.58009 0.40624
vt 0.56447 0.42186
vt 0.58204 0.42186
vt 0.60548 0.34374
vt 0.39065 0.36718
vt 0.56055 0.54686
vt 0.39065 0.34374
vt 0.39065 0.30074
vt 0.39065 0.54686
vt 0.58399 0.46092
vt 0.39065 0.28512
vt 0.30468 0.66014
vt 0.39454 0.69139
vt 0.30468 0.97263
vt 0.34572 0.36718
vt 0.30468 0.36718
vt 0.82034 0.60936
vt 0.59572 0.71092
vt 0.82034 0.71092
vt 0.59572 0.60936
# 255 texture coordinates

vn 0.527888 0.802363 -0.278475
vn -0.00340636 0.235601 -0.971844
vn 0.751887 0.368912 -0.546415
vn -0.55979 0.64826 -0.516133
vn -0.877273 0.172192 0.448043
vn 0.0086876 -0.398192 0.917261
vn -0.658173 -0.667329 0.34854
vn -0.0220001 0.296783 0.954692
vn 0.0324699 -0.272103 -0.96172
vn 0.901465 -0.103003 -0.420419
vn 0.0581891 -0.407386 -0.9114
vn 0.827808 -0.133129 -0.544986
vn 0.674857 -0.102502 -0.730795
vn 0.962925 -0.245349 0.112158
vn 0.593578 0.0912836 -0.799583
vn 0.97217 -0.205972 0.111627
vn -0.999361 0.0126565 -0.0334381
vn -0.471927 -0.692374 0.545805
vn -0.804223 -0.52643 -0.275856
vn -0.479442 0.221846 0.84907
vn 0.0570319 -0.127251 -0.990229
vn 0.947104 0.0645007 -0.314378
vn -0.331168 -0.0882218 -0.939439
vn -0.331451 -0.088441 -0.939318
vn 0.331509 0.0883461 0.939307
vn 0.331136 0.0883467 0.939438
vn -0.491014 -0.86165 0.128316
vn 0.70153 -0.582212 -0.410955
vn -0.433887 -0.43348 -0.789834
vn 0.101377 -0.467885 0.877956
vn 0.526763 0.114909 -0.842209
vn 0.986389 -0.0250941 0.162502
vn 0.552382 0.0744385 -0.830261
vn 0.78088 -0.582317 0.226127
vn 0.957491 0.140597 0.251881
vn 0.274536 -0.433664 -0.858234
vn -0.968686 -0.00784399 -0.248164
vn 0.938468 -0.187975 0.289728
vn -0.543253 -0.752223 -0.372877
vn 0.824346 -0.471113 0.313857
vn -0.12219 0.106534 -0.986773
vn 0.909345 0.11316 -0.400358
vn 0.951421 0.276442 0.135565
vn 0.573215 0.552495 -0.605123
vn -0.430823 -0.86177 -0.26785
vn -0.567038 -0.467912 0.677883
vn -0.483256 -0.0295941 -0.874979
vn 0.435293 -0.169223 0.884242
vn -0.168721 -0.645072 -0.745261
vn 0.340757 -0.646013 0.683045
vn 0.444386 0.747331 0.493981
vn 0.0633141 0.84699 -0.527826
vn -0.273221 0.817164 0.507536
vn 0.227258 -0.330605 0.915999
vn -0.981866 0.189535 0.00403134
vn 0.52999 0.435205 0.72781
vn 0.675352 -0.598195 0.431349
vn 0.159662 -0.962692 -0.218477
vn -0.42076 -0.881833 0.212911
vn -0.491167 -0.800393 -0.343695
vn -0.846119 0.301696 0.439388
vn 0.179473 -0.458541 0.870362
vn -0.777359 -0.442571 -0.44704
vn -0.232538 0.0880652 0.968592
vn -0.529138 -0.0830957 -0.844458
vn 0.537418 -0.606139 -0.586326
vn -0.131754 -0.950276 -0.282164
vn -0.0931587 -0.422917 -0.901367
vn -0.565208 0.805342 0.178788
vn -0.775112 0.270256 -0.571107
vn 0.142033 0.970858 -0.193034
vn -0.911721 -0.404015 0.074409
vn 0.924025 -0.232225 0.303727
vn -0.268539 -0.180786 0.946152
vn 0.570493 0.471739 0.67231
vn -0.265041 -0.528456 0.806528
vn 0.794344 0.404922 0.45283
vn -0.453004 0.883664 0.118001
vn -0.51901 0.797672 0.307162
vn 0.787766 0.404508 0.464541
vn -0.391165 0.918427 -0.0590014
vn -0.470509 0.869798 0.148565
vn -0.866941 -0.266854 -0.420954
vn -0.248657 0.926192 -0.283439
vn 0.780224 0.431159 0.453159
vn -0.448974 0.893416 0.0151877
vn 0.501171 -0.748585 -0.434107
vn -0.857207 -0.318976 -0.40429
vn 0.253133 -0.948938 0.188256
vn 0.123347 -0.890836 0.437261
vn -0.863369 -0.267258 -0.427981
vn -0.871499 -0.24454 -0.425077
vn -0.283667 0.943066 -0.173663
vn 0.803639 0.34385 0.485727
vn 0.181098 -0.941148 0.285382
vn -0.36845 0.926813 -0.0725338
vn 0.197914 -0.950255 0.240509
vn 0.388413 -0.916296 -0.0976578
vn 0.882646 0.469886 0.0120003
vn -0.598203 -0.789427 -0.137691
vn 0.353319 -0.332412 0.874453
vn -0.181189 0.452317 -0.873258
vn -0.207478 0.438582 -0.874413
vn -0.949326 -0.176252 0.260222
vn -0.838841 -0.542144 0.0492517
vn 0.333287 -0.346225 0.876954
vn 0.702179 0.700491 0.127504
vn 0.82989 0.557417 0.0238442
vn 0.331604 -0.33926 0.880308
vn -0.942954 -0.222941 0.247254
vn -0.940362 -0.278537 0.195285
vn 0.278912 -0.348226 0.894956
vn -0.955259 -0.0100939 0.295597
vn -0.27482 0.440388 -0.854712
vn 0.963899 0.183567 -0.19288
vn -0.210507 0.449983 -0.867872
vn 0.916762 0.391787 -0.0777823
vn 0.812184 0.58152 0.0468141
vn 0.941416 0.294128 -0.165002
vn 0.913154 0.404138 -0.0531267
vn -0.785764 -0.315974 -0.531728
vn -0.274194 -0.668329 0.691486
vn 0.821208 -0.142879 0.552451
vn -0.523323 -0.0509385 0.850611
vn -0.143786 0.933689 0.327949
vn -0.305166 0.72996 0.611582
vn 0.613163 0.598381 0.515724
vn -0.79558 0.599825 -0.0852206
vn -0.750149 0.619583 -0.23107
vn -0.625943 -0.766476 0.143908
vn 0.273382 -0.56114 0.781271
vn 0.894433 -0.447201 -0
vn 0.92308 0.230754 -0.307693
vn -1 0 -0
vn 1 0 -0
vn 0 0 -1
vn 0 0 -0
vn -0.872882 -0.436425 -0.218197
vn 0.762575 0.0502196 0.644948
vn 0 -0.124035 -0.992278
vn 0 -0.906023 0.423229
vn 0 0.0905329 -0.995893
vn -0.707107 0 0.707107
vn 0 -0.894433 -0.447201
vn 0 0.242536 -0.970143
vn 0 0 1
vn -0.851987 0.50448 -0.140066
vn -0.287323 -0.268259 0.919501
vn -0.215911 0.652485 0.726393
vn 0.538604 0.414508 0.733545
vn -0.872594 0.461517 0.159943
vn -0.640826 -0.749578 0.165754
vn -0.182753 0.461508 0.868108
vn -0.182507 -0.749591 0.636243
vn -0.926742 -0.268194 0.2631
vn -0.731827 0.652451 0.196817
vn -0.719242 0.414482 -0.55758
vn 0.836901 0.212569 0.504391
vn 0.426729 -0.262975 0.865302
vn -0.0827202 0.492853 0.866172
vn 0 -0.351103 0.936337
vn -0.704361 -0.0880335 -0.704361
vn -0.552353 -0.0920328 0.828514
vn 0 0.124035 -0.992278
vn -0.801795 0.267255 -0.534509
vn 0 -1 -0
vn 0 0.707107 0.707107
vn -0.408238 -0.408238 0.816507
vn 0.66667 -0.333319 -0.66667
vn -0.894433 0 -0.447201
vn 0 -0.447201 -0.894433
vn -0.652453 0.188598 0.733986
vn -0.705883 0.0588131 -0.705883
vn -0.378939 -0.194345 -0.904785
vn -0.738724 -0.590629 -0.324721
vn 0.738012 0.186472 -0.648511
vn 0.59361 0.485139 -0.64208
vn 0.84794 0.376609 0.373046
vn 0.89298 0.450068 0.00500006
vn 0.639776 0.21704 0.737279
vn 0.618953 -0.00181255 0.785426
vn 0.689709 0.5998 0.405638
vn 0.858575 0.282004 0.428162
vn 0.694849 0.134782 -0.706412
vn -0.0479699 0.987273 0.151629
vn -0.66667 0.333319 -0.66667
vn 0.66667 0.333319 -0.66667
vn 0.242536 0 -0.970143
vn 0.948683 0.316228 -0
vn -0.376477 0.166035 -0.911426
vn -0.746492 -0.477484 -0.463421
vn -0.75782 -0.47988 -0.442067
vn 0.152909 -0.704859 -0.692671
vn -0.675521 0.29554 -0.675521
vn 0 0.351103 -0.936337
vn 0 1 -0
vn 0.436425 0.218197 -0.872882
vn 0.00543754 -0.996133 -0.0876882
vn 0.234414 -0.59702 0.767214
vn 0.24791 -0.610446 0.752261
vn -0.919228 0.369629 0.135626
vn -0.917901 0.372167 0.13766
vn -0.184318 0.859369 0.476983
vn 0.851738 -0.310945 -0.421729
vn 0.950532 0.300229 0.0796902
vn -0.914872 0.135067 -0.380481
vn -0.151096 0.115346 -0.981766
vn 0.791249 0.553959 0.258948
vn 0.23504 0.85319 0.465643
vn -0.384602 0.26413 -0.884487
vn -0.904096 -0.160568 0.396015
vn -0.638203 0.720768 0.270538
vn 0.320699 0.14788 0.935566
vn 0.970466 0.149629 0.189224
vn -0.531763 0.846645 0.0205005
vn -0.827778 -0.297823 -0.475485
vn -0.52204 -0.000500009 -0.852921
vn 0.369574 -0.253789 0.893871
vn 0.405452 0.42814 0.807654
vn -0.707107 0 -0.707107
vn 0.547446 -0.143658 0.824418
vn 0.288415 -0.84962 0.441545
vn -0.0867515 0.913516 0.397445
vn -0.775662 -0.0921882 -0.62438
vn -0.80798 -0.23166 -0.541758
vn -0.746699 -0.361693 -0.558228
vn 0.586356 0.447915 -0.674951
vn -0.970143 -0.242536 -0
vn -0.498115 0.599682 -0.626308
vn -0.328418 0.935377 0.131192
vn 0.0596886 0.60973 0.790358
vn 0.211411 0.619546 0.755955
vn -0.0476885 0.349289 -0.935801
vn -0.386859 0.290105 -0.875316
vn -0.733797 0.054595 -0.677171
vn -0.387539 0.599793 -0.700045
vn -0.152847 0.98727 0.0440009
vn 0.405172 0.431392 0.806063
vn 0.2561 0.96571 0.042626
vn -0.143564 -0.57388 -0.806257
vn -0.144723 0.20635 -0.967716
vn -0.0660015 0.524981 -0.848551
vn 0.137847 0.92368 -0.357509
vn -0.433854 -0.849613 -0.299882
vn 0.578168 -0.392977 0.715046
vn 0.51536 0.852215 -0.0901904
vn -0.424598 0.333566 -0.841695
vn -0.143036 0.140755 -0.979658
vn -0.652803 0.54758 -0.523455
vn -0.437385 0.681391 0.586857
vn -0.397103 0.825925 -0.400197
vn 0.49645 0.115597 -0.860334
vn -0.331033 -0.152063 -0.931286
vn -0.828394 -0.140409 0.542262
vn -0.879949 -0.132471 -0.456225
vn -0.445891 -0.822092 -0.354044
vn 0.162595 -0.863195 -0.477973
vn 0.852531 -0.442235 -0.278604
vn 0.506793 0.722954 -0.469573
vn -0.195502 -0.334004 0.922074
vn 0.819339 0.403888 -0.406888
vn 0.896288 0.122157 0.426316
vn 0.72017 -0.497447 0.483634
vn -0.519578 0.408012 -0.75071
vn -0.835356 0.219878 -0.50382
vn -0.577918 -0.465166 -0.670545
vn -0.84208 -0.0588137 -0.536136
vn -0.368979 0.681331 -0.632173
vn -0.917776 0.327134 -0.2251
vn -0.394295 0.70815 -0.585708
vn 0.0944079 0.992018 -0.0835952
vn 0.876302 0.455104 -0.158035
vn 0.781967 0.366733 0.504019
vn 0.174596 0.547975 0.818071
vn -0.166378 0.731981 0.660698
vn -0.712401 0.681962 0.165568
vn 0.136816 0.323165 0.9364
vn 0.209004 0.0899393 0.97377
vn -0.658927 0.708491 0.252696
vn 0.627425 -0.442576 0.640675
vn 0.946601 -0.256698 -0.19507
vn 0.470011 -0.859615 0.20038
vn 0.433511 -0.474638 0.76602
vn -0.0370633 0.34882 0.936457
vn 0.708363 0.605516 0.362729
vn -0.0934706 0.980332 -0.173816
vn 0.758989 0.528389 0.380448
vn -0.999251 0.00693751 0.0380625
vn -0.626888 0.746203 0.224036
vn -0.450318 0.891292 -0.0530319
vn 0.624011 0.56951 0.535041
vn 0.0571577 -0.285788 -0.956587
vn -0.121755 -0.971786 0.202008
vn -0.634517 -0.76852 -0.0822522
vn -0.667391 -0.621202 0.410728
vn 0.455575 -0.869492 0.19088
vn -0.360725 0.581541 -0.729169
vn 0.24163 0.969894 0.0303443
vn 0.9894 0.090971 0.11319
vn 0.557451 -0.665422 -0.496449
vn 0.87923 0.204471 -0.430287
vn 0.566172 -0.66455 0.48767
vn -0.145128 -0.104064 -0.983925
vn 0.81359 -0.316136 0.487985
vn 0.993254 -0.105313 0.0485315
vn 0.881226 -0.211096 -0.422941
vn 0.7994 0.101066 0.592237
vn 0.692272 0.0326573 -0.720898
vn -0.278725 0.960334 0.00840644
vn -0.696312 0.17407 0.696312
vn -0.362221 -0.273283 0.89113
vn -0.362135 -0.273227 0.891182
vn 0.362224 0.273254 -0.891138
vn 0.362108 0.27323 -0.891192
vn 0.890902 -0.239351 -0.386012
vn 0.891011 -0.239409 -0.385724
vn -0.890899 0.239413 0.385979
vn -0.891024 0.23935 0.385729
# 318 vertex normals

usemtl diss_01.png
f 1/3/3 2/2/2 3/1/1
f 4/4/4 3/1/1 2/2/2
f 5/7/7 6/6/6 7/5/5
f 8/8/8 7/5/5 6/6/6
f 2/2/2 1/3/3 9/9/9
f 10/10/10 9/9/9 1/3/3
f 9/9/9 10/10/10 11/11/11
f 12/12/12 11/11/11 10/10/10
f 13/10/15 14/9/14 15/12/13
f 16/11/16 15/12/13 14/9/14
f 17/6/19 18/7/18 19/8/17
f 20/5/20 19/8/17 18/7/18
f 11/11/11 12/12/12 21/13/21
f 22/14/22 21/13/21 12/12/12
f 23/17/25 24/16/24 25/15/23
f 26/18/26 25/15/23 24/16/24
f 27/18/23 28/15/26 29/16/25
f 30/17/24 29/16/25 28/15/26
f 31/21/29 32/20/28 33/19/27
f 34/22/30 33/19/27 32/20/28
f 15/12/13 16/11/16 35/14/31
f 36/13/32 35/14/31 16/11/16
f 37/25/35 38/24/34 39/23/33
f 40/26/36 39/23/33 38/24/34
f 33/19/27 34/22/30 41/27/37
f 42/28/38 41/27/37 34/22/30
f 41/27/37 42/28/38 43/29/39
f 44/30/40 43/29/39 42/28/38
f 45/23/42 46/26/28 47/25/41
f 48/24/29 47/25/41 46/26/28
f 14/9/14 13/10/15 49/2/43
f 50/3/44 49/2/43 13/10/15
f 51/19/46 52/22/45 53/21/34
f 54/20/36 53/21/34 52/22/45
f 52/22/45 51/19/46 55/28/47
f 56/27/48 55/28/47 51/19/46
f 55/28/47 56/27/48 57/30/49
f 58/29/50 57/30/49 56/27/48
f 49/2/43 50/3/44 59/4/51
f 60/1/52 59/4/51 50/3/44
f 61/33/55 62/32/54 63/31/53
f 64/34/56 63/31/53 62/32/54
f 64/34/56 62/32/54 65/35/57
f 62/32/54 66/36/58 65/35/57
f 65/35/57 66/36/58 67/37/59
f 68/38/60 67/37/59 66/36/58
f 69/32/63 70/33/62 71/34/61
f 72/31/64 71/34/61 70/33/62
f 73/37/67 74/38/66 75/35/65
f 69/32/63 71/34/61 75/35/65
f 76/36/68 69/32/63 75/35/65
f 76/36/68 75/35/65 74/38/66
f 77/41/71 78/40/70 79/39/69
f 80/42/72 79/39/69 78/40/70
f 81/39/75 82/42/74 83/41/73
f 84/40/76 83/41/73 82/42/74
f 85/45/79 86/44/78 87/43/77
f 88/48/82 89/47/81 90/46/80
f 89/47/81 88/48/82 91/46/83
f 89/47/81 91/46/83 92/49/84
f 90/46/80 89/47/81 92/49/84
f 87/43/77 93/50/85 85/45/79
f 93/50/85 94/51/86 85/45/79
f 94/51/86 93/50/85 95/52/87
f 95/52/87 93/50/85 87/43/77
f 92/49/84 91/46/83 96/53/88
f 96/53/88 91/46/83 97/54/89
f 98/55/90 96/53/88 97/54/89
f 99/43/91 86/44/78 85/45/79
f 85/45/79 94/51/86 100/50/92
f 99/43/91 100/50/92 95/52/87
f 85/45/79 100/50/92 99/43/91
f 95/52/87 100/50/92 94/51/86
f 101/56/93 92/49/84 96/53/88
f 102/53/94 90/46/80 92/49/84
f 92/49/84 101/56/93 102/53/94
f 102/53/94 98/55/90 97/54/89
f 90/46/80 102/53/94 97/54/89
f 87/43/77 90/46/80 103/57/95
f 103/57/95 91/46/83 99/43/91
f 91/46/83 88/48/82 104/58/96
f 88/48/82 90/46/80 104/58/96
f 90/46/80 87/43/77 104/58/96
f 99/43/91 91/46/83 104/58/96
f 87/43/77 86/44/78 104/58/96
f 104/58/96 86/44/78 99/43/91
f 90/46/80 105/59/97 103/57/95
f 91/46/83 103/57/95 105/59/97
f 105/59/97 90/46/80 97/54/89
f 97/54/89 91/46/83 105/59/97
f 87/43/77 106/60/98 95/52/87
f 95/52/87 106/60/98 99/43/91
f 103/57/95 106/60/98 87/43/77
f 99/43/91 106/60/98 103/57/95
f 107/50/101 108/52/100 109/51/99
f 110/50/102 109/51/99 108/52/100
f 110/50/102 108/52/100 111/43/103
f 111/43/103 112/60/105 113/57/104
f 108/52/100 112/60/105 111/43/103
f 114/43/106 112/60/105 108/52/100
f 113/57/104 112/60/105 114/43/106
f 107/50/101 114/43/106 108/52/100
f 110/50/102 111/43/103 115/45/107
f 109/51/99 115/45/107 107/50/101
f 107/50/101 115/45/107 114/43/106
f 109/51/99 110/50/102 115/45/107
f 115/45/107 116/44/108 114/43/106
f 111/43/103 116/44/108 115/45/107
f 117/46/109 113/57/104 114/43/106
f 113/57/104 117/46/109 118/59/110
f 117/46/109 119/54/111 118/59/110
f 117/46/109 120/53/112 119/54/111
f 120/53/112 121/55/113 119/54/111
f 121/55/113 122/53/114 119/54/111
f 117/46/109 123/49/115 120/53/112
f 124/46/116 111/43/103 113/57/104
f 124/46/116 118/59/110 119/54/111
f 122/53/114 124/46/116 119/54/111
f 124/46/116 122/53/114 123/49/115
f 118/59/110 124/46/116 113/57/104
f 117/46/109 114/43/106 125/58/117
f 114/43/106 116/44/108 125/58/117
f 111/43/103 124/46/116 125/58/117
f 125/58/117 116/44/108 111/43/103
f 124/46/116 126/48/118 125/58/117
f 126/48/118 117/46/109 125/58/117
f 127/56/119 123/49/115 122/53/114
f 123/49/115 127/56/119 120/53/112
f 117/46/109 128/47/120 123/49/115
f 128/47/120 126/48/118 124/46/116
f 126/48/118 128/47/120 117/46/109
f 128/47/120 124/46/116 123/49/115
f 129/8/5 130/61/121 131/6/7
f 130/61/121 132/3/2 133/10/9
f 5/7/7 134/62/122 6/6/6
f 22/14/22 12/12/12 135/63/123
f 134/62/122 136/64/124 135/63/123
f 135/63/123 12/12/12 10/10/10
f 6/6/6 134/62/122 135/63/123
f 137/67/127 138/66/126 139/65/125
f 139/65/125 138/66/126 140/67/128
f 140/67/128 141/68/129 139/65/125
f 142/69/37 141/68/129 140/67/128
f 17/6/19 143/62/130 18/7/18
f 144/6/18 143/62/130 145/63/131
f 146/72/134 147/71/133 148/70/132
f 149/73/135 148/70/132 147/71/133
f 150/76/138 151/75/137 152/74/136
f 135/63/123 153/77/139 22/14/22
f 136/64/124 153/77/139 135/63/123
f 154/80/140 155/79/132 156/78/134
f 157/83/143 158/82/142 159/81/141
f 160/86/138 161/85/144 162/84/136
f 157/83/143 159/81/141 163/87/145
f 164/88/146 159/81/141 158/82/142
f 129/8/5 165/89/147 130/61/121
f 130/61/121 165/89/147 166/1/4
f 166/1/4 132/3/2 130/61/121
f 163/87/145 159/81/141 167/90/146
f 159/81/141 164/88/146 167/90/146
f 168/91/137 164/88/146 158/82/142
f 169/94/150 170/93/149 171/92/148
f 170/93/149 172/94/151 171/92/148
f 172/94/151 173/95/152 171/92/148
f 174/92/155 175/95/154 176/94/153
f 176/94/153 177/93/156 174/92/155
f 174/92/155 177/93/156 178/94/157
f 135/63/123 179/61/158 6/6/6
f 6/6/6 179/61/158 8/8/8
f 10/10/10 1/3/3 179/61/158
f 179/61/158 1/3/3 3/1/1
f 179/61/158 135/63/123 10/10/10
f 145/63/131 180/61/159 144/6/18
f 181/1/51 182/89/160 180/61/159
f 148/70/132 183/96/140 146/72/134
f 184/97/161 149/73/135 147/71/133
f 185/98/162 146/72/134 183/96/140
f 186/99/163 184/97/161 147/71/133
f 183/96/140 187/100/164 185/98/162
f 186/99/163 188/101/165 184/97/161
f 189/102/166 185/98/162 187/100/164
f 190/103/167 188/101/165 186/99/163
f 191/106/168 192/105/161 193/104/165
f 187/100/164 194/107/169 189/102/166
f 195/108/170 190/103/167 186/99/163
f 162/84/136 196/109/171 191/106/168
f 191/106/168 196/109/171 192/105/161
f 194/107/169 197/110/172 189/102/166
f 195/108/170 198/111/142 190/103/167
f 199/112/173 157/83/143 163/87/145
f 200/113/172 199/112/173 163/87/145
f 199/112/173 200/113/172 201/114/169
f 201/114/169 161/85/144 160/86/138
f 199/112/173 201/114/169 160/86/138
f 202/115/136 190/103/167 198/111/142
f 203/63/174 143/62/130 17/6/19
f 13/10/15 15/12/13 203/63/174
f 15/12/13 35/14/31 203/63/174
f 180/61/159 204/8/20 144/6/18
f 182/89/160 204/8/20 180/61/159
f 180/61/159 145/63/131 205/10/14
f 136/64/124 134/62/122 206/63/175
f 206/63/175 130/61/121 133/10/9
f 130/61/121 206/63/175 131/6/7
f 133/10/9 207/12/11 206/63/175
f 206/63/175 134/62/122 131/6/7
f 35/14/31 36/13/32 208/116/176
f 37/25/35 39/23/33 208/116/176
f 209/119/179 210/118/178 211/117/177
f 210/118/178 209/119/179 212/120/180
f 212/120/180 213/121/181 210/118/178
f 139/65/125 214/68/182 137/67/127
f 137/67/127 214/68/182 215/69/38
f 46/26/28 45/23/42 215/69/38
f 215/69/38 216/122/183 137/67/127
f 216/122/183 215/69/38 45/23/42
f 138/66/126 216/122/183 136/64/124
f 137/67/127 216/122/183 138/66/126
f 216/122/183 153/77/139 136/64/124
f 22/14/22 153/77/139 216/122/183
f 21/13/21 22/14/22 217/116/184
f 217/116/184 45/23/42 47/25/41
f 45/23/42 217/116/184 216/122/183
f 216/122/183 217/116/184 22/14/22
f 172/94/151 170/93/149 218/123/185
f 218/123/185 141/68/129 172/94/151
f 218/123/185 170/93/149 169/94/150
f 141/68/129 218/123/185 139/65/125
f 139/65/125 218/123/185 214/68/182
f 169/94/150 214/68/182 218/123/185
f 191/106/168 219/124/137 162/84/136
f 219/124/137 160/86/138 162/84/136
f 220/127/188 221/126/187 222/125/186
f 221/126/187 220/127/188 222/125/186
f 223/128/189 224/125/135 221/126/187
f 224/125/135 220/127/188 221/126/187
f 224/125/135 223/128/189 221/126/187
f 220/127/188 224/125/135 221/126/187
f 225/131/137 226/130/137 227/129/137
f 226/130/137 225/131/137 227/129/137
f 228/132/137 225/131/137 227/129/137
f 225/131/137 228/132/137 227/129/137
f 60/1/52 50/3/44 229/61/190
f 203/63/174 229/61/190 13/10/15
f 17/6/19 19/8/17 229/61/190
f 229/61/190 203/63/174 17/6/19
f 229/61/190 50/3/44 13/10/15
f 230/135/193 231/134/192 232/133/191
f 233/138/196 234/137/195 235/136/194
f 234/137/195 236/139/197 235/136/194
f 200/113/172 235/136/194 236/139/197
f 201/114/169 200/113/172 236/139/197
f 237/133/200 238/134/199 239/135/198
f 240/3/43 181/1/51 180/61/159
f 240/3/43 180/61/159 205/10/14
f 232/133/191 231/134/192 241/140/201
f 241/140/201 242/141/202 232/133/191
f 243/143/202 244/142/201 245/141/203
f 232/133/191 246/144/204 230/135/193
f 230/135/193 246/144/204 247/134/205
f 248/14/21 249/116/207 250/122/206
f 138/66/126 250/122/206 140/67/128
f 250/122/206 142/69/37 140/67/128
f 250/122/206 138/66/126 136/64/124
f 246/144/204 251/133/208 247/134/205
f 252/140/209 247/134/205 251/133/208
f 251/133/208 245/141/203 252/140/209
f 252/140/209 245/141/203 244/142/201
f 208/116/176 253/122/210 35/14/31
f 208/116/176 39/23/33 253/122/210
f 143/62/130 254/64/211 145/63/131
f 253/122/210 255/66/212 254/64/211
f 254/64/211 143/62/130 203/63/174
f 256/145/207 21/13/21 217/116/184
f 256/145/207 217/116/184 47/25/41
f 257/116/214 258/14/32 259/122/213
f 255/66/212 259/122/213 254/64/211
f 19/8/17 260/89/215 229/61/190
f 260/89/215 60/1/52 229/61/190
f 250/122/206 261/77/216 248/14/21
f 261/77/216 206/63/175 207/12/11
f 206/63/175 261/77/216 136/64/124
f 136/64/124 261/77/216 250/122/206
f 207/12/11 248/14/21 261/77/216
f 203/63/174 262/77/217 254/64/211
f 262/77/217 35/14/31 253/122/210
f 35/14/31 262/77/217 203/63/174
f 254/64/211 262/77/217 253/122/210
f 258/14/32 263/77/218 259/122/213
f 254/64/211 263/77/218 145/63/131
f 263/77/218 254/64/211 259/122/213
f 264/140/219 238/134/199 237/133/200
f 265/148/180 266/147/221 267/146/220
f 266/147/221 265/148/180 267/146/220
f 208/116/176 268/145/214 37/25/35
f 36/13/32 268/145/214 208/116/176
f 269/150/152 43/29/39 270/149/222
f 43/29/39 44/30/40 270/149/222
f 172/94/151 141/68/129 271/151/39
f 142/69/37 271/151/39 141/68/129
f 271/151/39 173/95/152 172/94/151
f 171/92/148 272/95/222 169/94/150
f 272/95/222 273/151/40 169/94/150
f 273/151/40 215/69/38 214/68/182
f 273/151/40 214/68/182 169/94/150
f 274/154/223 275/153/147 276/152/5
f 250/122/206 249/116/207 277/23/41
f 277/23/41 142/69/37 250/122/206
f 142/69/37 277/23/41 278/26/29
f 279/155/27 142/69/37 278/26/29
f 274/154/223 276/152/5 280/156/8
f 275/153/147 274/154/223 281/152/4
f 3/1/1 282/89/223 179/61/158
f 179/61/158 282/89/223 8/8/8
f 274/154/223 283/156/1 281/152/4
f 215/69/38 284/155/30 46/26/28
f 269/150/152 270/149/222 285/157/148
f 286/158/136 158/82/142 157/83/143
f 263/77/218 258/14/32 287/12/16
f 145/63/131 263/77/218 287/12/16
f 145/63/131 287/12/16 205/10/14
f 288/160/226 289/159/225 290/121/224
f 211/117/177 291/161/227 209/119/179
f 213/121/181 212/120/180 292/159/221
f 293/164/228 294/163/180 295/162/181
f 294/163/180 293/164/228 295/162/181
f 253/122/210 296/67/229 255/66/212
f 255/66/212 296/67/229 297/65/230
f 255/66/212 297/65/230 298/67/231
f 259/122/213 255/66/212 298/67/231
f 299/68/232 298/67/231 297/65/230
f 299/68/232 300/69/48 298/67/231
f 300/69/48 259/122/213 298/67/231
f 301/167/195 302/166/196 303/165/194
f 304/168/197 301/167/195 303/165/194
f 303/165/194 305/169/172 304/168/197
f 305/169/172 306/170/169 304/168/197
f 307/173/169 308/172/164 309/171/166
f 310/176/141 311/175/143 312/174/145
f 313/177/142 311/175/143 310/176/141
f 310/176/141 314/178/146 313/177/142
f 310/176/141 312/174/145 315/179/146
f 314/178/146 310/176/141 315/179/146
f 316/180/133 156/78/134 155/79/132
f 317/182/135 318/181/161 316/180/133
f 155/79/132 317/182/135 316/180/133
f 319/183/162 309/171/166 308/172/164
f 156/78/134 319/183/162 154/80/140
f 308/172/164 154/80/140 319/183/162
f 311/175/143 320/184/173 312/174/145
f 306/170/169 320/184/173 150/76/138
f 305/169/172 320/184/173 306/170/169
f 320/184/173 305/169/172 312/174/145
f 318/181/161 321/185/163 316/180/133
f 322/186/172 307/173/169 309/171/166
f 323/188/171 152/74/136 324/187/168
f 151/75/137 324/187/168 152/74/136
f 323/188/171 324/187/168 325/189/161
f 326/190/165 321/185/163 318/181/161
f 325/189/161 324/187/168 327/191/165
f 328/192/144 306/170/169 150/76/138
f 328/192/144 150/76/138 152/74/136
f 313/177/142 329/193/136 311/175/143
f 314/178/146 330/194/137 313/177/142
f 326/190/165 331/195/167 321/185/163
f 331/195/167 332/196/170 321/185/163
f 333/197/142 332/196/170 331/195/167
f 331/195/167 334/198/136 333/197/142
f 291/161/227 211/117/177 335/119/233
f 336/118/234 335/119/233 211/117/177
f 335/119/233 336/118/234 337/120/235
f 290/121/224 337/120/235 336/118/234
f 337/120/235 290/121/224 289/159/225
f 338/68/236 297/65/230 296/67/229
f 338/68/236 296/67/229 339/69/47
f 253/122/210 339/69/47 296/67/229
f 339/69/47 253/122/210 39/23/33
f 39/23/33 40/26/36 339/69/47
f 340/148/235 341/147/225 342/146/135
f 341/147/225 340/148/235 342/146/135
f 299/68/232 343/123/237 176/94/153
f 343/123/237 297/65/230 338/68/236
f 343/123/237 299/68/232 297/65/230
f 177/93/156 343/123/237 178/94/157
f 177/93/156 176/94/153 343/123/237
f 338/68/236 178/94/157 343/123/237
f 344/164/137 345/163/235 346/162/224
f 345/163/235 344/164/137 346/162/224
f 347/199/166 293/164/228 295/162/181
f 293/164/228 347/199/166 295/162/181
f 346/162/224 348/199/137 344/164/137
f 348/199/137 346/162/224 344/164/137
f 349/202/166 350/201/228 351/200/137
f 350/201/228 349/202/166 351/200/137
f 352/203/137 350/201/228 351/200/137
f 350/201/228 352/203/137 351/200/137
f 351/200/137 352/203/137 353/201/137
f 352/203/137 351/200/137 353/201/137
f 354/141/238 264/140/219 237/133/200
f 355/142/219 356/143/238 357/141/239
f 358/144/240 237/133/200 239/135/198
f 358/144/240 239/135/198 359/134/241
f 360/133/242 358/144/240 359/134/241
f 357/141/239 361/140/243 355/142/219
f 357/141/239 360/133/242 361/140/243
f 359/134/241 361/140/243 360/133/242
f 57/30/49 58/29/50 362/149/244
f 58/29/50 363/150/154 362/149/244
f 364/151/50 300/69/48 299/68/232
f 299/68/232 176/94/153 364/151/50
f 175/95/154 364/151/50 176/94/153
f 338/68/236 365/151/49 178/94/157
f 339/69/47 365/151/49 338/68/236
f 365/151/49 366/95/244 178/94/157
f 366/95/244 174/92/155 178/94/157
f 367/153/160 368/154/215 369/152/20
f 257/116/214 259/122/213 370/23/35
f 300/69/48 370/23/35 259/122/213
f 370/23/35 300/69/48 371/26/34
f 300/69/48 372/155/46 371/26/34
f 369/152/20 368/154/215 373/156/17
f 368/154/215 367/153/160 374/152/51
f 375/156/52 368/154/215 374/152/51
f 376/155/45 339/69/47 40/26/36
f 362/149/244 363/150/154 377/157/155
f 213/121/181 292/159/221 378/160/245
f 379/204/248 380/40/247 381/41/246
f 61/33/55 382/205/60 62/32/54
f 382/205/60 66/36/58 62/32/54
f 383/207/250 384/206/249 77/41/71
f 385/209/253 386/208/252 387/206/251
f 381/41/246 387/206/251 386/208/252
f 383/207/250 388/210/254 384/206/249
f 388/210/254 389/211/255 384/206/249
f 387/206/251 389/211/255 385/209/253
f 390/214/256 391/213/247 392/212/248
f 392/212/248 393/215/257 390/214/256
f 393/215/257 379/204/248 386/208/252
f 386/208/252 385/209/253 394/216/258
f 386/208/252 394/216/258 393/215/257
f 381/41/246 395/217/259 379/204/248
f 395/217/259 381/41/246 386/208/252
f 379/204/248 395/217/259 386/208/252
f 396/220/260 397/219/250 398/218/69
f 399/221/261 394/216/258 385/209/253
f 394/216/258 399/221/261 400/222/262
f 401/223/263 390/214/256 393/215/257
f 394/216/258 401/223/263 393/215/257
f 400/222/262 401/223/263 394/216/258
f 402/216/266 403/223/265 404/222/264
f 405/205/66 70/33/62 69/32/63
f 69/32/63 76/36/68 405/205/66
f 406/226/269 407/225/268 408/224/267
f 385/209/253 389/211/255 408/224/267
f 409/227/270 385/209/253 408/224/267
f 407/225/268 410/228/271 409/227/270
f 409/227/270 408/224/267 407/225/268
f 399/221/261 409/227/270 410/228/271
f 385/209/253 409/227/270 399/221/261
f 400/222/262 399/221/261 411/229/272
f 410/228/271 411/229/272 399/221/261
f 411/229/272 412/230/273 400/222/262
f 412/230/273 413/232/275 414/231/274
f 414/231/274 400/222/262 412/230/273
f 415/233/276 414/231/274 413/232/275
f 413/232/275 416/234/269 415/233/276
f 417/236/254 414/231/274 418/235/277
f 417/236/254 418/235/277 72/31/64
f 417/236/254 419/237/278 414/231/274
f 400/222/262 414/231/274 419/237/278
f 396/220/260 419/237/278 397/219/250
f 417/236/254 397/219/250 419/237/278
f 401/223/263 419/237/278 396/220/260
f 419/237/278 401/223/263 400/222/262
f 420/238/67 417/236/254 72/31/64
f 72/31/64 70/33/62 420/238/67
f 421/239/279 71/34/61 72/31/64
f 418/235/277 421/239/279 72/31/64
f 414/231/274 415/233/276 421/239/279
f 421/239/279 418/235/277 414/231/274
f 75/35/65 71/34/61 421/239/279
f 422/209/282 423/227/281 424/224/280
f 425/211/283 422/209/282 424/224/280
f 426/240/59 425/211/283 424/224/280
f 427/210/284 425/211/283 426/240/59
f 428/233/287 429/231/286 430/239/285
f 64/34/56 65/35/57 430/239/285
f 64/34/56 430/239/285 63/31/53
f 431/241/74 432/220/289 433/214/288
f 403/223/265 433/214/288 432/220/289
f 389/211/255 434/240/67 408/224/267
f 389/211/255 388/210/254 434/240/67
f 434/240/67 435/242/65 408/224/267
f 429/231/286 404/222/264 436/237/290
f 403/223/265 436/237/290 404/222/264
f 432/220/289 436/237/290 403/223/265
f 408/224/267 435/242/65 437/243/279
f 438/207/291 439/244/75 83/41/73
f 432/220/289 431/241/74 440/218/75
f 423/227/281 422/209/282 441/221/292
f 402/216/266 441/221/292 422/209/282
f 441/221/292 402/216/266 404/222/264
f 442/214/293 401/223/263 396/220/260
f 442/214/293 396/220/260 443/241/72
f 443/241/72 396/220/260 398/218/69
f 61/33/55 63/31/53 444/238/59
f 444/238/59 445/245/60 61/33/55
f 403/223/265 402/216/266 446/215/294
f 447/214/295 403/223/265 446/215/294
f 446/215/294 448/212/296 447/214/295
f 449/246/276 408/224/267 437/243/279
f 408/224/267 449/246/276 406/226/269
f 404/222/264 429/231/286 450/230/297
f 429/231/286 428/233/287 451/232/298
f 451/232/298 450/230/297 429/231/286
f 425/211/283 452/206/299 422/209/282
f 452/206/299 453/41/301 454/208/300
f 454/208/300 422/209/282 452/206/299
f 422/209/282 454/208/300 402/216/266
f 402/216/266 454/208/300 446/215/294
f 455/213/70 442/214/293 443/241/72
f 456/244/69 383/207/250 77/41/71
f 70/33/62 457/245/66 420/238/67
f 458/204/296 446/215/294 454/208/300
f 459/40/302 458/204/296 453/41/301
f 460/236/284 444/238/59 63/31/53
f 436/237/290 460/236/284 429/231/286
f 450/230/297 461/229/303 404/222/264
f 441/221/292 404/222/264 461/229/303
f 425/211/283 427/210/284 462/206/304
f 427/210/284 438/207/291 462/206/304
f 462/206/304 438/207/291 83/41/73
f 424/224/280 423/227/281 463/225/305
f 464/213/302 447/214/295 448/212/296
f 465/217/306 453/41/301 458/204/296
f 453/41/301 465/217/306 454/208/300
f 465/217/306 458/204/296 454/208/300
f 466/219/291 460/236/284 436/237/290
f 436/237/290 432/220/289 466/219/291
f 466/219/291 432/220/289 440/218/75
f 463/225/305 467/226/307 424/224/280
f 468/228/308 463/225/305 423/227/281
f 461/229/303 468/228/308 441/221/292
f 423/227/281 441/221/292 468/228/308
f 469/234/307 451/232/298 428/233/287
f 430/239/285 470/235/309 63/31/53
f 470/235/309 460/236/284 63/31/53
f 470/235/309 430/239/285 429/231/286
f 460/236/284 470/235/309 429/231/286
f 433/214/288 471/213/76 431/241/74
f 472/246/287 424/224/280 467/226/307
f 424/224/280 472/246/287 473/243/285
f 474/242/57 426/240/59 424/224/280
f 474/242/57 424/224/280 473/243/285
f 353/201/137 475/202/137 351/200/137
f 475/202/137 353/201/137 351/200/137
f 476/128/186 222/125/186 221/126/187
f 222/125/186 476/128/186 221/126/187
f 477/249/310 478/248/143 479/247/134
f 478/248/143 477/249/310 479/247/134
f 478/248/143 479/247/134 480/250/245
f 479/247/134 478/248/143 480/250/245
f 481/248/144 477/249/310 479/247/134
f 477/249/310 481/248/144 479/247/134
f 482/251/196 479/247/134 480/250/245
f 479/247/134 482/251/196 480/250/245
f 483/250/226 481/248/144 479/247/134
f 479/247/134 482/251/196 483/250/226
f 482/251/196 479/247/134 483/250/226
f 481/248/144 483/250/226 479/247/134
f 484/254/313 485/253/312 486/252/311
f 486/252/311 487/255/314 484/254/313
f 485/253/312 484/254/313 487/255/314
f 487/255/314 486/252/311 485/253/312
f 488/254/317 489/253/316 490/252/315
f 490/252/315 491/255/318 488/254/317
f 489/253/316 488/254/317 491/255/318
f 491/255/318 490/252/315 489/253/316
# 578 facets

o 0000_r_sym309
v 0.070924 0.40009 0.17538
v 0.081979 0.374262 0.174746
v 0.085432 0.405865 0.183046
v 0.095877 0.379796 0.182095
v 0.11951 0.418355 0.089416
v 0.121795 0.433293 0.093579
v 0.089138 0.395445 0.16416
v 0.085432 0.405865 0.183046
v 0.10928 0.443675 0.089708
v 0.107288 0.427518 0.085913
v 0.072739 0.416108 0.17962
v 0.070924 0.40009 0.17538
v -0.317216 0.625161 -0.001067
v -0.341674 0.611467 0.000926
v -0.312419 0.618371 0.014202
v -0.33708 0.604955 0.015585
v -0.318359 0.603305 -0.000521
v -0.317216 0.625161 -0.001067
v -0.278416 0.54138 -0.040565
v -0.269405 0.551026 -0.049005
v -0.302392 0.628626 0.005711
v -0.312419 0.618371 0.014202
v -0.254339 0.554123 -0.042456
v -0.264607 0.544236 -0.033724
v -0.317216 0.625161 -0.001067
v -0.302392 0.628626 0.005711
v -0.269405 0.551026 -0.049005
v -0.254339 0.554123 -0.042456
v -0.318359 0.603305 -0.000521
v -0.278416 0.54138 -0.040565
v 0.121439 0.488542 0.034154
v 0.122518 0.534019 -0.014698
v 0.136175 0.496666 0.040576
v 0.13059 0.538512 -0.011182
v 0.019394 0.217411 0.043838
v 0.046847 0.226182 0.061785
v 0.005966 0.25215 0.043724
v 0.036579 0.261923 0.063727
v 0.054539 0.212322 0.052989
v 0.030309 0.204592 0.037162
v 0.035056 0.196114 0.037949
v 0.056544 0.202968 0.051999
v 0.13059 0.538512 -0.011182
v 0.122518 0.534019 -0.014698
v 0.123851 0.555583 -0.012249
v 0.112618 0.549262 -0.017097
v 0.101868 0.542865 0.014354
v 0.114078 0.549617 0.019685
v 0.101221 0.54383 0.014532
v 0.113405 0.550684 0.019799
v 0.113227 0.542357 0.042709
v 0.114078 0.549617 0.019685
v 0.094316 0.531912 0.034471
v 0.101868 0.542865 0.014354
v 0.113151 0.529081 0.063867
v 0.09226 0.517557 0.054754
v 0.146697 0.516021 0.05516
v 0.095395 0.487705 0.032796
v 0.109204 0.537382 0.069883
v 0.084226 0.525439 0.060351
v 0.077575 0.486677 0.120791
v 0.090673 0.443282 0.089111
v 0.109877 0.502453 0.133356
v 0.153487 0.477856 0.116425
v -0.015205 0.729314 0.038266
v -0.019825 0.741752 0.040386
v -0.025054 0.72628 0.035614
v -0.029661 0.738693 0.037733
v -0.189571 0.564112 -0.100726
v -0.124383 0.560114 -0.114599
v -0.185801 0.554859 -0.085737
v -0.122353 0.555024 -0.106374
v -0.12182 0.25394 -0.021019
v -0.13738 0.261771 -0.054628
v -0.125513 0.216828 -0.030157
v -0.139474 0.223859 -0.060289
v -0.115753 0.199236 -0.041022
v -0.128077 0.20543 -0.067625
v -0.111653 0.189006 -0.047635
v -0.122581 0.194502 -0.071217
v 0.09773 0.257988 0.068055
v 0.090661 0.256719 0.076546
v 0.080723 0.325917 0.044219
v 0.044728 0.319584 0.087055
v -0.016588 0.442914 0.082994
v 0.041973 0.453423 0.012717
v 0.013594 0.513724 0.015357
v -0.024724 0.506845 0.061354
v -0.108087 0.565127 -0.101221
v -0.110841 0.572235 -0.112682
v -0.130603 0.583607 -0.083553
v -0.133598 0.591324 -0.095992
v -0.131504 0.582693 -0.083934
v -0.134613 0.590372 -0.09636
v -0.155467 0.600704 -0.089836
v -0.150644 0.588811 -0.070607
v -0.173667 0.592136 -0.061647
v -0.179011 0.60526 -0.082893
v -0.048725 0.718982 0.02692
v -0.053332 0.731395 0.029039
v -0.058003 0.716127 0.022566
v -0.06261 0.728565 0.024686
v -0.176917 0.615693 -0.080177
v -0.170342 0.602277 -0.054996
v -0.190853 0.587415 -0.113114
v -0.177754 0.555189 -0.060923
v -0.244731 0.632993 -0.061393
v -0.260914 0.600412 -0.099736
v -0.236265 0.615223 -0.028787
v -0.244858 0.561053 -0.035856
v 0.147928 0.389264 0.057571
v 0.143105 0.440934 0.071952
v 0.143105 0.440934 0.071952
v 0.147928 0.389264 0.057571
v 0.110626 0.427988 0.054792
v 0.081979 0.374262 0.174746
v 0.115753 0.465455 0.061036
v 0.110626 0.427988 0.054792
v 0.115753 0.465455 0.061036
v 0.095877 0.379796 0.182095
v 0.095877 0.379796 0.182095
v 0.072739 0.416108 0.17962
v -0.317216 0.625161 -0.001067
v -0.341674 0.611467 0.000926
v -0.302392 0.628626 0.005711
v -0.33708 0.604955 0.015585
v -0.341674 0.611467 0.000926
v -0.298457 0.495853 -0.054488
v -0.251394 0.516199 -0.038065
v -0.269405 0.551026 -0.049005
v -0.262132 0.531391 -0.072283
v -0.298457 0.495853 -0.054488
v -0.262132 0.531391 -0.072283
v -0.251394 0.516199 -0.038065
v -0.226645 0.536773 -0.058867
v -0.226645 0.536773 -0.058867
v 0.054031 0.609956 0.014303
v 0.04441 0.595563 0.012653
v 0.059578 0.602645 -0.010827
v 0.064642 0.63793 0.019964
v 0.064401 0.601909 0.01306
v 0.079834 0.643565 -0.026654
v 0.063436 0.659278 -0.024014
v 0.075595 0.650495 -0.002615
v -0.076953 0.751487 0.038343
v -0.067256 0.714769 0.020205
v -0.070023 0.723755 0.008567
v -0.05959 0.378768 0.014456
v -0.008935 0.403949 -0.032772
v 0.00014 0.392742 -0.017148
v -0.026971 0.679471 0.024191
v -0.024039 0.678469 0.020269
v -0.020383 0.678938 0.022998
v 0.068995 0.610756 -0.032531
v 0.093364 0.625542 -0.021945
v -0.091206 0.400903 0.045717
v -0.038851 0.452674 0.072738
v -0.087106 0.437888 0.04229
v 0.006867 0.477868 0.011663
v -0.013707 0.478008 -0.025157
v -0.010192 0.501615 -0.024827
v -0.008009 0.482666 0.047684
v 0.004176 0.504433 0.001878
v -0.065428 0.713829 0.002804
v -0.063042 0.712662 0.014583
v -0.070226 0.727296 0.007209
v 0.005712 0.418634 -0.023722
v -0.00401 0.435781 -0.03597
v 0.006867 0.477868 0.011663
v 0.016881 0.550315 -0.046226
v -0.019267 0.553197 -0.062852
v -0.019419 0.573796 -0.067231
v 0.022986 0.552346 0.016499
v 0.034371 0.5501 -0.00985
v 0.03974 0.572286 -0.014965
v -0.038508 0.558273 0.0124
v -0.039587 0.611416 0.013567
v -0.054995 0.581538 -0.018772
v 0.034371 0.5501 -0.00985
v 0.016881 0.550315 -0.046226
v -0.044499 0.544388 0.01504
v -0.077435 0.491741 0.036921
v -0.021513 0.536011 0.029725
v -0.015586 0.663048 0.01603
v 0.006143 0.696035 -0.000229
v 0.008758 0.672059 -0.00707
v -0.075328 0.818553 -0.014305
v -0.055833 0.829125 -0.006537
v -0.046174 0.831778 -0.035082
v 0.02258 0.432773 0.016309
v 0.000444 0.457155 0.061277
v -0.019254 0.395635 0.087753
v -0.053688 0.373323 0.063955
v -0.05959 0.378768 0.014456
v 0.032556 0.41093 0.021297
v -0.002043 0.385355 -0.017871
v 0.008618 0.758861 0.042734
v -0.010966 0.785033 0.048585
v 0.001473 0.744595 0.041795
v -0.024991 0.291572 0.059932
v 0.003148 0.341084 0.093604
v -0.115943 0.384682 0.01405
v -0.128699 0.303109 0.00071
v -0.077435 0.491741 0.036921
v 0.068043 0.251084 0.038546
v 0.089315 0.229926 0.000748
v 0.071648 0.263827 0.008503
v 0.010268 0.241577 0.006637
v 0.0561 0.219328 -0.020955
v 0.041136 0.254092 -0.011436
v 0.090217 0.217767 0.038609
v 0.051607 0.661943 -0.00061
v 0.016817 0.675524 -0.003313
v 0.043712 0.645241 0.020066
v -0.032809 0.703142 0.036528
v -0.035665 0.705643 0.042201
v -0.038254 0.705059 0.04017
v 0.032683 0.199401 0.001015
v -0.086814 0.725684 -0.009317
v -0.094747 0.759217 0.017845
v -0.086802 0.729238 -0.048015
v 0.006296 0.692379 0.029928
v -0.007323 0.733248 0.042201
v -0.003147 0.744367 0.033113
v 0.195042 0.099767 -0.163337
v 0.260609 0.117892 -0.10013
v 0.246902 0.125291 -0.087475
v 0.017541 0.176225 -0.1634
v -0.017223 0.243621 -0.133637
v -0.035944 0.240562 -0.137622
v 0.025474 0.368576 -0.100041
v -0.00401 0.435781 -0.03597
v 0.02819 0.355287 -0.082094
v 0.008415 0.35167 -0.084531
v -0.044626 0.556243 -0.050313
v -0.046314 0.575091 -0.053448
v -0.055262 0.558616 -0.019014
v 0.318638 0.181861 0.005165
v 0.302418 0.192408 -0.002704
v 0.301174 0.171199 0.006523
v 0.047621 0.734632 -0.071864
v 0.02244 0.759699 -0.062979
v 0.039917 0.770754 -0.053549
v 0.005712 0.418634 -0.023722
v -0.008935 0.403949 -0.032772
v -0.069985 0.810151 -0.054463
v -3.8e-005 0.517646 0.024292
v -0.0421 0.487921 0.058104
v -0.007234 0.555837 0.028455
v -0.038508 0.558273 0.0124
v 0.319057 0.164802 -0.005636
v 0.003871 0.167417 -0.173947
v 0.110676 0.11067 -0.19343
v 0.115004 0.122448 -0.178631
v 0.011766 0.6896 -0.037976
v -0.007856 0.68432 -0.045045
v -0.005318 0.707293 -0.037557
v -0.014494 0.656613 -0.011449
v 0.00132 0.701835 -0.002361
v -0.014735 0.683444 0.003794
v 0.024192 0.663885 -0.051518
v 0.039892 0.664418 -0.035044
v 0.048891 0.631901 -0.038318
v -0.089569 0.782583 0.024013
v -0.0718 0.791785 0.04196
v -0.071267 0.810506 0.021576
v 0.006296 0.692379 0.029928
v -0.003147 0.744367 0.033113
v -0.040666 0.686122 0.017591
v -0.036731 0.688623 0.024229
v 0.035868 0.774663 -0.02866
v 0.02244 0.759699 -0.062979
v 0.023125 0.32857 -0.022123
v 0.010268 0.241577 0.006637
v -0.090394 0.728349 0.006384
v -0.027288 0.690933 0.031705
v -0.042265 0.693573 0.024813
v -0.017248 0.682467 0.02777
v -0.015738 0.695096 0.031933
v -0.008059 0.696174 0.02956
v 0.131644 0.544845 0.006625
v 0.134474 0.519385 0.057305
v 0.059578 0.602645 -0.010827
v 0.062941 0.597023 -0.015752
v 0.022986 0.552346 0.016499
v 0.062941 0.597023 -0.015752
v 0.03088 0.573073 0.012844
v 0.04441 0.595563 0.012653
v -0.088477 0.238125 -0.018912
v -0.015408 0.2563 -0.152599
v -0.034675 0.25281 -0.156191
v 0.021932 0.190161 -0.181017
v 0.007781 0.180744 -0.191374
v -0.147559 0.349842 -0.040273
v -0.132595 0.404457 -0.025347
v -0.112313 0.412186 -0.069782
v 0.032683 0.199401 0.001015
v 0.049018 0.596858 -0.031617
v 0.068767 0.622445 -0.030246
v 0.017084 0.757706 0.028811
v 0.038394 0.767822 -0.002069
v 0.036897 0.739303 -0.004291
v 0.096499 0.498455 0.040767
v 0.100155 0.512213 0.020066
v -0.119649 0.327935 -0.0924
v 0.061304 0.332606 0.065859
v 0.071343 0.756627 -0.044525
v 0.039321 0.757656 -0.018899
v 0.035868 0.774663 -0.02866
v -0.048116 0.710047 -0.031985
v -0.032187 0.692037 -0.073247
v -0.024255 0.699639 -0.034676
v 0.028875 0.703485 -0.081942
v 0.035983 0.720937 -0.036681
v 0.034307 0.702229 -0.072245
v 0.00132 0.701835 -0.002361
v 0.006219 0.708981 -0.020537
v 0.006956 0.714337 -0.006829
v 0.024433 0.411057 0.072954
v 0.082347 0.681705 -0.09617
v 0.072701 0.686363 -0.11635
v 0.028875 0.703485 -0.081942
v 0.018518 0.808234 -0.036186
v 0.006258 0.802015 -0.062307
v -0.008846 0.828998 -0.032023
v -0.0421 0.487921 0.058104
v -0.086814 0.725684 -0.009317
v -0.042988 0.663568 -0.010091
v -0.070023 0.723755 0.008567
v 0.013619 0.723463 0.003705
v 0.012692 0.715911 0.004556
v 0.008758 0.672059 -0.00707
v 0.006219 0.708981 -0.020537
v 0.019457 0.683685 -0.018772
v -0.024255 0.699639 -0.034676
v -0.019406 0.672706 -0.034155
v -0.031197 0.691872 -0.01744
v -0.068462 0.686693 -0.080114
v -0.072231 0.723272 -0.059844
v -0.070238 0.70629 -0.043611
v 0.028228 0.693852 -0.072422
v -0.005318 0.707293 -0.037557
v 0.006219 0.708981 -0.020537
v 0.014216 0.72925 -0.009114
v 0.061811 0.339193 0.004074
v 0.182045 0.107357 -0.150594
v 0.120322 0.13858 -0.193747
v 0.115728 0.126066 -0.208546
v -0.002259 0.598114 -0.07835
v 0.103734 0.606161 0.003985
v 0.096728 0.606098 -0.018442
v 0.076712 0.602658 -0.028419
v 0.066127 0.596591 -0.009456
v 0.005559 0.72359 0.02433
v 0.011258 0.744011 0.004657
v -0.092754 0.77281 -0.028507
v -0.072777 0.741181 -0.068526
v -0.074249 0.779651 -0.070227
v 0.066127 0.596591 -0.009456
v 0.087158 0.561459 -0.013137
v 0.18419 0.127449 -0.161116
v 0.197478 0.119136 -0.173922
v 0.103454 0.570204 0.024394
v 0.084048 0.601567 0.017819
v 0.105396 0.579711 -0.023469
v 0.131644 0.544845 0.006625
v 0.107732 0.526962 0.003363
v 0.123242 0.580739 0.002043
v 0.051607 0.661943 -0.00061
v 0.043712 0.645241 0.020066
v 0.079009 0.622966 0.021754
v 0.092844 0.633285 0.002449
v -0.007234 0.555837 0.028455
v -0.006663 0.579596 0.028341
v -0.023392 0.676451 -0.041974
v -0.05865 0.648502 -0.050275
v -0.047354 0.648084 -0.031452
v 0.107732 0.526962 0.003363
v 0.100155 0.512213 0.020066
v 0.038166 0.617572 0.026298
v 0.016716 0.646231 0.01834
v 0.027504 0.684701 -0.018798
v 0.063436 0.659278 -0.024014
v 0.008644 0.804058 0.008706
v -0.060047 0.703815 0.014837
v -0.054703 0.696707 0.015649
v -0.051454 0.701873 0.024686
v -0.071279 0.736345 0.018492
v -0.073437 0.742082 0.012158
v -0.069908 0.762682 0.025942
v -0.033101 0.651599 -0.012883
v -0.061265 0.613078 -0.02409
v -0.003147 0.721356 0.035715
v -0.003414 0.712509 0.034471
v 0.016564 0.687112 -0.043027
v 0.024864 0.597074 -0.053816
v 0.068767 0.622445 -0.030246
v 0.038166 0.617572 0.026298
v 0.027504 0.684701 -0.018798
v 0.063436 0.659278 -0.024014
v -0.012464 0.65113 0.006955
v 0.009507 0.611086 0.032644
v 0.016716 0.646231 0.01834
v -0.059031 0.798347 0.028036
v 0.04441 0.595563 0.012653
v -0.023328 0.651219 -0.002387
v 0.009507 0.611086 0.032644
v -0.088287 0.798296 -0.021641
v -0.06077 0.403657 -0.074136
v -0.056924 0.323036 -0.089519
v -0.012337 0.760905 0.034586
v -0.033101 0.774028 0.039447
v -0.014596 0.75381 0.039307
v 0.059717 0.667135 -0.115551
v 0.022707 0.694981 -0.081878
v -0.0223 0.680157 0.027199
v 0.016817 0.675524 -0.003313
v 0.087158 0.561459 -0.013137
v 0.084454 0.55901 0.017946
v -0.043712 0.727321 0.035258
v -0.040056 0.718119 0.036629
v -0.038254 0.718868 0.038165
v -0.023328 0.651219 -0.002387
v -0.012464 0.65113 0.006955
v -0.072777 0.741181 -0.068526
v -0.072231 0.723272 -0.059844
v -0.070238 0.70629 -0.043611
v 0.096499 0.498455 0.040767
v -0.067713 0.735761 0.027021
v -0.054957 0.735647 0.035157
v -0.067142 0.733223 0.026755
v -0.015103 0.701937 0.034776
v -0.097006 0.491487 0.000342
v -0.113303 0.456355 -0.005141
v -0.048674 0.731433 0.035703
v -0.045108 0.739049 0.039891
v -0.040691 0.728197 0.036959
v 0.038369 0.727829 0.037568
v 0.005433 0.711177 0.020777
v -0.073437 0.742082 0.012158
v 0.019457 0.683685 -0.018772
v -0.076953 0.751487 0.038343
v 0.067396 0.728565 -0.030246
v 0.036897 0.739303 -0.004291
v -0.06553 0.606821 -0.101285
v -0.049715 0.621379 -0.104635
v -0.050845 0.599295 -0.086117
v 0.017262 0.704881 -0.015587
v 0.011766 0.6896 -0.037976
v 0.248907 0.145561 -0.097807
v 0.262945 0.137412 -0.110537
v 0.320758 0.185275 -0.014952
v 0.005242 0.364501 -0.102046
v -0.061887 0.72147 -0.022187
v -0.081788 0.583391 -0.103303
v -0.104749 0.600335 -0.116033
v 0.034307 0.702229 -0.072245
v 0.06897 0.664469 -0.097134
v 0.028228 0.693852 -0.072422
v -0.070226 0.727296 0.007209
v -0.070023 0.723755 0.008567
v -0.061887 0.72147 -0.022187
v -0.03979 0.707991 0.042341
v -0.037569 0.709108 0.044473
v -0.034345 0.709666 0.044346
v -0.035843 0.719414 0.038178
v -0.03253 0.70681 0.042264
v 0.032759 0.715505 0.003807
v 0.052153 0.681985 -0.036326
v -0.099469 0.462041 -0.044106
v 0.009811 0.708283 0.006333
v -0.00231 0.693433 0.011295
v -0.000901 0.695324 0.016144
v -0.051391 0.693661 -8.9e-005
v -0.016588 0.442914 0.082994
v 0.044728 0.319584 0.087055
v 0.066533 0.326666 0.094937
v 0.063246 0.46477 0.047824
v 0.021019 0.457421 0.096549
v 0.041973 0.453423 0.012717
v 0.092895 0.331781 0.064768
v -0.002703 0.504674 0.072408
v -0.024724 0.506845 0.061354
v 0.029573 0.510614 0.034624
v -0.064984 0.60512 -0.069833
v -0.047926 0.606669 -0.071217
v 0.003478 0.633043 -0.078832
v -0.020536 0.625161 -0.095662
v -0.027199 0.599536 -0.088618
v -0.031616 0.728438 0.033177
v -0.037353 0.729288 0.037594
v -0.003465 0.749456 -0.084785
v -0.017185 0.791823 -0.08052
v 0.118876 0.661931 -0.122899
v 0.145402 0.473375 0.023632
v -0.063144 0.620668 -0.047368
v -0.05865 0.648502 -0.050275
v -0.068322 0.647373 -0.06449
v 0.115829 0.647766 -0.126618
v -0.079834 0.643997 -0.078832
v -0.079021 0.622128 -0.063195
v -0.065047 0.619044 -0.055884
v 0.024331 0.52818 -0.055554
v 0.103975 0.66867 -0.131238
v -0.051479 0.7631 0.037035
v -0.054894 0.775551 0.055896
v -0.030474 0.765817 0.055401
v -0.022757 0.737018 0.050756
v -0.038343 0.75881 0.057229
v -0.051479 0.7631 0.037035
v -0.054894 0.775551 0.055896
v 0.049766 0.706112 0.020662
v 0.001473 0.744595 0.041795
v -0.003147 0.744367 0.033113
v -0.014735 0.683444 0.003794
v 0.036897 0.739303 -0.004291
v 0.052153 0.681985 -0.036326
v 0.014216 0.72925 -0.009114
v 0.014216 0.72925 -0.009114
v -0.011029 0.822107 0.006714
v -0.038343 0.75881 0.057229
v 0.017084 0.757706 0.028811
v 0.038369 0.727829 0.037568
v 0.001473 0.744595 0.041795
v 0.182997 0.648236 -0.165863
v 0.104254 0.651866 -0.136404
v -0.022757 0.737018 0.050756
v -0.033101 0.774028 0.039447
v 0.011258 0.744011 0.004657
v -0.034421 0.741981 0.042683
v -0.021627 0.749964 0.04394
v -0.051314 0.598317 -0.061964
v -0.037454 0.700655 -0.023126
v -0.048624 0.697012 -0.017947
v -0.052495 0.703079 -0.020562
v -0.067142 0.733223 0.026755
v -0.067319 0.725735 0.016626
v -0.03107 0.697558 0.036477
v -0.040881 0.704996 0.029496
v 0.152218 0.421743 0.074947
v -0.019406 0.672706 -0.034155
v -0.041744 0.663644 -0.009126
v -0.033101 0.651599 -0.012883
v -0.036566 0.735165 0.040145
v -0.02923 0.719718 0.036604
v -0.024496 0.710034 0.035512
v -0.013428 0.713588 0.038647
v -0.055833 0.710149 0.024711
v -0.043407 0.715352 0.0314
v -0.020548 0.747578 0.043851
v -0.032098 0.818515 -0.062307
v -0.010636 0.743199 0.037429
v -0.008783 0.738033 0.036718
v -0.01485 0.722777 0.039764
v -0.016233 0.68088 0.023137
v -0.003972 0.747705 0.031527
v -0.090394 0.68814 -0.009698
v -0.044067 0.691681 -0.013442
v -0.053624 0.815938 0.028062
v -0.056061 0.796633 0.047735
v 0.039168 0.51875 0.024927
v 0.048383 0.523801 -0.011297
v -0.005546 0.730393 0.03569
v 0.002386 0.734721 0.027694
v -0.030893 0.739798 0.042188
v -0.047976 0.675651 0.010014
v -0.055122 0.52587 -0.069516
v -0.079275 0.519359 -0.020752
v -0.029611 0.801063 0.046021
v -0.00844 0.514003 0.05021
v 0.014216 0.72925 -0.009114
v -0.154502 0.564188 -0.073717
v -0.135413 0.56316 -0.087437
v -0.059818 0.703447 0.000342
v -0.033317 0.708765 -0.102922
v -0.036845 0.739341 -0.08778
v -0.033685 0.831397 0.000977
v -0.031197 0.691872 -0.01744
v -0.031997 0.684282 0.000393
v 0.125996 0.675778 -0.149413
v -0.058498 0.740432 -0.089671
v -0.036845 0.739341 -0.08778
v -0.078222 0.720048 0.012552
v -0.067256 0.714769 0.020205
v -0.060542 0.686744 -0.030437
v -0.048116 0.710047 -0.031985
v -0.061887 0.72147 -0.022187
v -0.007323 0.733248 0.042201
v 0.021222 0.683355 0.013478
v -0.003147 0.744367 0.033113
v 0.011258 0.744011 0.004657
v 0.017084 0.757706 0.028811
v -0.030474 0.765817 0.055401
v -0.17698 0.568376 -0.063309
v 0.035868 0.774663 -0.02866
v 0.039321 0.757656 -0.018899
v -0.016588 0.419738 -0.047063
v 0.022707 0.694981 -0.081878
v -0.135413 0.56316 -0.087437
v -0.154502 0.564188 -0.073717
v -0.012464 0.65113 0.006955
v -0.008009 0.482666 0.047684
v -0.036718 0.684282 0.002995
v 0.007095 0.70775 -0.037557
v -0.014482 0.700566 -0.046061
v -0.094341 0.577718 -0.079962
v -0.064984 0.60512 -0.069833
v -0.047849 0.785337 -0.08217
v -0.070238 0.70629 -0.043611
v -0.012337 0.760905 0.034586
v -0.033101 0.774028 0.039447
v -0.003147 0.744367 0.033113
v -0.047976 0.675651 0.010014
v -0.070023 0.723755 0.008567
v -0.051314 0.598317 -0.061964
v -0.047926 0.606669 -0.071217
v -0.051302 0.654722 -0.084683
v -0.02409 0.661994 -0.086485
v -0.035018 0.644771 -0.098492
v -0.025143 0.391866 -0.042063
v -0.085406 0.487692 -0.033711
v -0.049271 0.481511 -0.047368
v -0.020536 0.625161 -0.095662
v -0.031946 0.609905 -0.089417
v -0.049271 0.481511 -0.047368
v -0.034345 0.511706 -0.040045
v -0.085406 0.487692 -0.033711
v -0.016588 0.419738 -0.047063
v -0.063144 0.620668 -0.047368
v -0.019267 0.553197 -0.062852
v -0.058143 0.542941 -0.010142
v -0.029255 0.686643 -0.034168
v -0.073437 0.742082 0.012158
v -0.054145 0.43389 -0.065759
v -0.028798 0.37694 -0.0338
v -0.13342 0.576791 -0.114142
v -0.18669 0.5922 -0.101932
v -0.078463 0.248748 -0.084582
v -0.070772 0.229279 -0.094316
v -0.112427 0.243875 -0.080888
v -0.053878 0.220788 -0.057852
v -0.062953 0.240943 -0.051087
v -0.105789 0.21203 -0.101919
v -0.040754 0.664787 -0.067066
v -0.076483 0.711062 -0.098784
v -0.076534 0.197307 -0.038775
v -0.061887 0.72147 -0.022187
v -0.054157 0.527876 -0.034625
v -0.097006 0.491487 0.000342
v -0.055262 0.558616 -0.019014
v 0.001269 0.665408 -0.068577
v 0.107732 0.526962 0.003363
v -0.035906 0.31438 -0.04733
v -0.088477 0.238125 -0.018912
v -0.055769 0.732131 0.033063
v -0.027199 0.599536 -0.088618
v 0.04441 0.595563 0.012653
v -0.006663 0.579596 0.028341
v -0.044626 0.556243 -0.050313
v -0.066824 0.771871 0.051517
v -0.076534 0.197307 -0.038775
v -0.17698 0.568376 -0.063309
v 0.090661 0.256719 0.076546
v 0.080723 0.325917 0.044219
v 0.013594 0.513724 0.015357
v -0.072777 0.741181 -0.068526
v -0.058003 0.716127 0.022566
v 0.09773 0.257988 0.068055
v -0.008123 0.685513 -0.053054
v -0.121426 0.60936 -0.090674
v -0.118329 0.598165 -0.070861
v -0.084035 0.6211 -0.103468
v -0.094341 0.577718 -0.079962
v -0.090724 0.627738 -0.080952
v -0.040754 0.664787 -0.067066
v -0.064349 0.641395 -0.099114
v -0.02409 0.661994 -0.086485
v -0.008123 0.685513 -0.053054
v -0.003147 0.744367 0.033113
v -0.012337 0.760905 0.034586
v -0.003972 0.747705 0.031527
v -0.02409 0.661994 -0.086485
v -0.048116 0.710047 -0.031985
v -0.051314 0.598317 -0.061964
v -0.013707 0.478008 -0.025157
v -0.067319 0.725735 0.016626
v -0.033101 0.651599 -0.012883
v 0.107732 0.526962 0.003363
v -0.053332 0.731395 0.029039
v -0.044232 0.724554 0.028544
v -0.007856 0.68432 -0.045045
v -0.048725 0.718982 0.02692
v -0.031946 0.656067 -0.067193
v -0.076559 0.667173 -0.025702
v -0.078222 0.720048 0.012552
v -0.086814 0.725684 -0.009317
v -0.048116 0.710047 -0.031985
v -0.031946 0.656067 -0.067193
v -0.070238 0.70629 -0.043611
v -0.024255 0.699639 -0.034676
v -0.003147 0.744367 0.033113
v -0.00844 0.514003 0.05021
v -0.038508 0.558273 0.0124
v -0.007234 0.555837 0.028455
v -0.070023 0.723755 0.008567
v -0.079275 0.519359 -0.020752
v -0.055262 0.558616 -0.019014
v 0.039168 0.51875 0.024927
v -0.055122 0.52587 -0.069516
v 0.022986 0.552346 0.016499
v -0.044626 0.556243 -0.050313
v 0.034371 0.5501 -0.00985
v -0.019267 0.553197 -0.062852
v 0.048383 0.523801 -0.011297
v -0.019571 0.528942 -0.079378
v 0.024331 0.52818 -0.055554
v 0.016881 0.550315 -0.046226
v -0.070023 0.723755 0.008567
v -0.090394 0.68814 -0.009698
v -0.078222 0.720048 0.012552
v -0.194876 0.53492 -0.106603
v -0.065466 0.720569 0.015915
v 0.036897 0.739303 -0.004291
v -0.044232 0.724554 0.028544
v -0.066824 0.771871 0.051517
v -0.069604 0.749177 0.045755
v -0.06459 0.724123 0.035411
v -0.070023 0.723755 0.008567
v -0.069604 0.749177 0.045755
v -0.06459 0.724123 0.035411
v -0.069908 0.762682 0.025942
v -0.069908 0.762682 0.025942
v -0.019571 0.528942 -0.079378
v -0.266333 0.531315 -0.091588
v -0.065466 0.720569 0.015915
v 0.085876 0.39712 0.128178
v 0.094595 0.412262 0.130183
v 0.084365 0.432836 0.116983
v 0.100243 0.386979 0.147191
v 0.071305 0.404748 0.124497
v 0.078235 0.410701 0.125792
v 0.114751 0.409229 0.145973
v 0.095928 0.401982 0.138522
v 0.100345 0.421528 0.133204
v -0.315795 0.569785 -0.003846
v -0.279267 0.566815 0.008211
v -0.279063 0.572095 0.00071
v -0.310401 0.580206 -0.012261
v -0.306314 0.565292 0.011549
v -0.328093 0.582706 -0.01268
v 0.07694 0.431478 0.111754
v -0.302328 0.577312 -0.012299
v -0.313599 0.563363 0.01688
v -0.311809 0.589255 -0.029205
v -0.28975 0.585346 -0.024763
v 0.011258 0.744011 0.004657
# 756 vertices

vt 0.36523 1.72851
vt 0.32617 1.79101
vt 0.32617 1.72851
vt 0.36523 1.79101
vt 0.57423 1.27733
vt 0.37502 1.31443
vt 0.37502 1.27733
vt 0.61524 1.31443
vt 0.37502 1.36718
vt 0.61524 1.36718
vt 0.89260 1.45508
vt 0.95705 1.43555
vt 0.89260 1.43555
vt 0.95705 1.45508
vt 0.27540 1.10740
vt 0.22266 1.06834
vt 0.27540 1.06834
vt 0.22071 1.10740
vt 0.21679 1.03515
vt 0.28127 1.03515
vt 0.22266 1.00391
vt 0.27540 1.00391
vt 0.82618 1.52733
vt 0.83791 1.54883
vt 0.83791 1.52733
vt 0.82618 1.54883
vt 0.82815 1.43749
vt 0.84378 1.46289
vt 0.84378 1.43749
vt 0.82815 1.46289
vt 0.91409 1.54686
vt 0.94729 1.51952
vt 0.91409 1.51952
vt 0.94729 1.54686
vt 0.89260 1.51952
vt 0.89260 1.54686
vt 0.24804 1.99609
vt 0.38086 1.91016
vt 0.21877 1.91016
vt 0.34961 1.99609
vt 0.27227 1.96218
vt 0.34657 1.91428
vt 0.32842 1.96218
vt 0.25576 1.91428
vt 0.11134 1.69508
vt 0.17189 1.77123
vt 0.17189 1.69702
vt 0.10742 1.77514
vt 0.88868 1.54883
vt 0.88868 1.52733
vt 0.14845 1.41992
vt 0.19728 1.43676
vt 0.19728 1.42701
vt 0.14845 1.47070
vt 0.05470 1.41992
vt 0.05470 1.47070
vt 0.00391 1.41992
vt 0.00391 1.47070
vt 0.86329 1.46289
vt 0.86329 1.43749
vt 0.88868 1.43749
vt 0.88868 1.46289
vt 0.40277 1.60672
vt 0.33830 1.68484
vt 0.34222 1.60475
vt 0.40277 1.68094
vt 0.32194 1.22468
vt 0.30079 1.31443
vt 0.42773 1.17559
vt 0.32486 1.21820
vt 0.42773 1.26262
vt 0.61524 1.27537
vt 0.30079 1.40039
vt 0.50011 1.21820
vt 0.57423 1.24802
vt 0.34572 1.69726
vt 0.75197 1.40430
vt 0.72461 1.40430
vt 0.74221 1.41602
vt 0.75978 1.43164
vt 0.72853 1.46874
vt 0.72461 1.49608
vt 0.68753 1.51758
vt 0.72461 1.51758
vt 0.84274 1.31915
vt 0.82979 1.37532
vt 0.88311 1.39982
vt 0.03710 1.26562
vt 0.01759 1.27927
vt 0.00391 1.23437
vt 0.03321 1.49390
vt 0.04689 1.50171
vt 0.04102 1.50952
vt 0.75197 1.51758
vt 0.74611 1.55273
vt 0.28908 1.30271
vt 0.22071 1.31249
vt 0.29297 1.26755
vt 0.32179 1.09883
vt 0.32179 1.00391
vt 0.36721 1.00391
vt 0.36721 1.09883
vt 0.41211 1.00391
vt 0.27929 1.74780
vt 0.21290 1.68727
vt 0.26759 1.69508
vt 0.04297 1.29687
vt 0.09377 1.36133
vt 0.03321 1.31833
vt 0.89260 1.10350
vt 0.89065 1.05135
vt 0.99611 1.04354
vt 0.78322 1.07031
vt 0.70315 1.12109
vt 0.62305 1.18943
vt 0.62305 1.08397
vt 0.32179 1.17111
vt 0.36721 1.17111
vt 0.46096 1.09883
vt 0.50401 1.00391
vt 0.50401 1.09883
vt 0.12502 1.36524
vt 0.12502 1.41602
vt 0.00391 1.41602
vt 0.74024 1.97069
vt 0.60742 1.99609
vt 0.60742 1.92578
vt 0.08985 1.29490
vt 0.15627 1.32030
vt 0.21485 1.25780
vt 0.27148 1.24802
vt 0.31446 1.23437
vt 0.09960 1.25193
vt 0.03908 1.23827
vt 0.41992 1.75195
vt 0.47072 1.82616
vt 0.46290 1.76366
vt 0.27540 1.16406
vt 0.21485 1.19921
vt 0.28908 1.36133
vt 0.15627 1.07422
vt 0.10352 1.08203
vt 0.10547 1.00391
vt 0.31446 1.08787
vt 0.03710 1.00391
vt 0.03127 1.08203
vt 0.15627 1.00391
vt 0.59867 1.50619
vt 0.68461 1.56869
vt 0.59867 1.56869
vt 0.02345 1.62280
vt 0.00391 1.62280
vt 0.00391 1.60524
vt 0.31446 1.00391
vt 0.61524 1.72657
vt 0.50586 1.74610
vt 0.78945 1.30616
vt 0.97659 1.55858
vt 0.99611 1.55858
vt 0.99611 1.62498
vt 0.99611 1.82226
vt 0.97659 1.82226
vt 0.97659 1.75585
vt 0.97659 1.90038
vt 0.95510 1.99609
vt 0.95510 1.90038
vt 0.99611 1.90038
vt 0.78420 1.10350
vt 0.68753 1.08006
vt 0.97659 1.45117
vt 0.96097 1.45311
vt 0.97659 1.40624
vt 0.77346 1.73241
vt 0.83986 1.72266
vt 0.81253 1.68554
vt 0.97659 1.99609
vt 0.99611 1.99609
vt 0.72461 1.86719
vt 0.41211 1.09883
vt 0.46096 1.00391
vt 0.46096 1.17111
vt 0.50401 1.17111
vt 0.99024 1.45311
vt 0.99611 1.75585
vt 0.97659 1.69142
vt 0.99611 1.69142
vt 0.75978 1.99609
vt 0.80666 1.94922
vt 0.75978 1.96484
vt 0.93555 1.99609
vt 0.85940 1.99609
vt 0.93555 1.92772
vt 0.93361 1.24802
vt 0.93947 1.30858
vt 0.99611 1.31052
vt 0.50586 1.94141
vt 0.44533 1.91407
vt 0.47659 1.87500
vt 0.43165 1.73048
vt 0.37697 1.70898
vt 0.06589 1.54504
vt 0.09714 1.54543
vt 0.70315 1.73438
vt 0.75392 1.68751
vt 0.04492 1.16600
vt 0.00391 1.07422
vt 0.00391 1.54801
vt 0.08948 1.57329
vt 0.94729 1.48827
vt 0.89260 1.48827
vt 0.72072 1.57029
vt 0.75197 1.58201
vt 0.41211 1.17111
vt 0.87111 1.17771
vt 0.78420 1.16600
vt 0.95510 1.82226
vt 0.95510 1.75585
vt 0.15627 1.25780
vt 0.00391 1.00391
vt 0.92972 1.16600
vt 0.87111 1.24412
vt 0.58009 1.68554
vt 0.91409 1.40821
vt 0.89260 1.40821
vt 0.15627 1.16990
vt 0.75778 1.63219
vt 0.66017 1.66798
vt 0.65822 1.63476
vt 0.84505 1.59364
vt 0.86722 1.62889
vt 0.82113 1.60748
vt 0.94142 1.62498
vt 0.93896 1.60224
vt 0.22266 1.57790
vt 0.22266 1.56987
vt 0.14453 1.53493
vt 0.61916 1.00391
vt 0.61916 1.10350
vt 0.56447 1.10350
vt 0.72853 1.80469
vt 0.82034 1.80663
vt 0.21877 1.36133
vt 0.82396 1.22589
vt 0.85986 1.26180
vt 0.21877 1.59936
vt 0.25978 1.62867
vt 0.85548 1.93944
vt 0.80861 1.99609
vt 0.60657 1.64127
vt 0.93899 1.58849
vt 0.87275 1.57862
vt 0.09766 1.16406
vt 0.97659 1.62498
vt 0.95510 1.69142
vt 0.77736 1.52148
vt 0.78322 1.49608
vt 0.76760 1.55858
vt 0.76954 1.40430
vt 0.23829 1.64821
vt 0.31252 1.71461
vt 0.60159 1.81054
vt 0.76954 1.58201
vt 0.80666 1.57420
vt 0.95510 1.62498
vt 0.77541 1.46092
vt 0.80861 1.46289
vt 0.80274 1.53711
vt 0.84378 1.49608
vt 0.84378 1.40821
vt 0.80861 1.49608
vt 0.68753 1.49608
vt 0.69142 1.46874
vt 0.75392 1.47461
vt 0.75197 1.49608
vt 0.70899 1.26952
vt 0.78128 1.28318
vt 0.69534 1.34571
vt 0.84378 1.57420
vt 0.91409 1.57420
vt 0.67096 1.49254
vt 0.59867 1.44957
vt 0.87111 1.31833
vt 0.94337 1.40039
vt 0.18752 1.65211
vt 0.15627 1.61108
vt 0.11915 1.62867
vt 0.25196 1.83767
vt 0.23242 1.82008
vt 0.16210 1.90798
vt 0.66409 1.26755
vt 0.70899 1.18943
vt 0.99611 1.40039
vt 0.99611 1.15624
vt 0.69923 1.54492
vt 0.71486 1.41992
vt 0.69634 1.62338
vt 0.59867 1.62338
vt 0.48634 1.97459
vt 0.73440 1.58398
vt 0.62305 1.25974
vt 0.67096 1.41245
vt 0.60353 1.86719
vt 0.54103 1.00391
vt 0.02345 1.50562
vt 0.80666 1.40821
vt 0.80861 1.43749
vt 0.00391 1.68530
vt 0.02345 1.68336
vt 0.02929 1.73998
vt 0.91993 1.84960
vt 0.94729 1.86913
vt 0.80274 1.64451
vt 0.80861 1.67773
vt 0.80274 1.61738
vt 0.89260 1.57420
vt 0.18360 1.82201
vt 0.08985 1.81811
vt 0.18165 1.80445
vt 0.00391 1.82008
vt 0.06054 1.77320
vt 0.00391 1.74195
vt 0.46096 1.68751
vt 0.18360 1.58961
vt 0.86582 1.33353
vt 0.19728 1.36524
vt 0.39648 1.83788
vt 0.19728 1.41602
vt 0.27346 1.36524
vt 0.95510 1.55858
vt 0.50978 1.10350
vt 0.50978 1.00391
vt 0.83843 1.36382
vt 0.02345 1.64039
vt 0.00391 1.64039
vt 0.51565 1.67189
vt 0.58009 1.57811
vt 0.18360 1.56811
vt 0.11915 1.52515
vt 0.12304 1.53687
vt 0.25142 1.46092
vt 0.24163 1.42186
vt 0.46625 1.37305
vt 0.46625 1.43749
vt 0.46625 1.55076
vt 0.25142 1.52733
vt 0.46430 1.61133
vt 0.56000 1.44336
vt 0.58930 1.42383
vt 0.56000 1.54686
vt 0.06446 1.71852
vt 0.94142 1.72657
vt 0.92580 1.80860
vt 0.52735 1.16015
vt 0.30665 1.79101
vt 0.50978 1.16990
vt 0.99611 1.00391
vt 0.56447 1.19531
vt 0.00391 1.89429
vt 0.04297 1.98610
vt 0.36523 1.84766
vt 0.34572 1.80272
vt 0.38283 1.89257
vt 0.41992 1.94335
vt 0.09960 1.48218
vt 0.47853 1.67189
vt 0.13867 1.98610
vt 0.50978 1.26952
vt 0.21679 1.98610
vt 0.39065 1.80272
vt 0.47266 1.69726
vt 0.41253 1.71413
vt 0.45549 1.67313
vt 0.00391 1.57856
vt 0.06446 1.62477
vt 0.30364 1.84987
vt 0.00391 1.36524
vt 0.06641 1.67358
vt 0.15040 1.66967
vt 0.87697 1.87500
vt 0.22460 1.76342
vt 0.22460 1.72633
vt 0.80274 1.00391
vt 0.90041 1.00391
vt 0.10352 1.79076
vt 0.62305 1.00391
vt 0.29492 1.64430
vt 0.86329 1.40821
vt 0.61916 1.24218
vt 0.38867 1.77344
vt 0.88868 1.40821
vt 0.86329 1.57420
vt 0.15627 1.36133
vt 0.27346 1.40430
vt 0.90759 1.37532
vt 0.78128 1.22656
vt 0.88868 1.49608
vt 0.78128 1.34571
vt 0.94729 1.40821
vt 0.60162 1.38901
vt 0.67680 1.34407
vt 0.88868 1.57420
vt 0.13617 1.49217
vt 0.24163 1.56836
vt 0.58930 1.56639
vt 0.13617 1.51561
vt 0.68360 1.40039
vt 0.78128 1.40039
vt 0.05078 1.36133
vt 0.94729 1.57420
vt 1.68751 1.08006
vt 1.62306 1.08397
vt 1.62306 1.00391
vt 1.80275 1.00391
vt 1.78324 1.07031
vt 1.89064 1.05135
vt 1.90043 1.00391
vt 1.99612 1.00391
vt 1.99612 1.04354
vt 0.29534 1.62819
vt 0.45549 1.63600
vt 0.36721 1.99609
vt 0.43165 1.99609
vt 0.41211 1.96875
vt 0.36721 1.96875
vt 0.46290 1.96875
vt 0.48242 1.99609
# 426 texture coordinates

vn 0.381413 0.250348 0.889859
vn -0.564173 -0.791273 0.235788
vn -0.850615 -0.523544 -0.0485325
vn 0.938366 -0.289757 0.188442
vn 0.748376 -0.513647 -0.419643
vn 0.785131 0.111595 0.609192
vn -0.0206566 -0.991171 0.130971
vn -0.295256 0.866986 0.401446
vn -0.833428 0.445699 0.326727
vn -0.915153 -0.33901 -0.2181
vn 0.0758142 0.213099 0.974085
vn -0.852859 0.461884 -0.243504
vn -0.546897 0.586211 -0.597712
vn -0.271166 -0.716401 0.642836
vn -0.995936 -0.075221 -0.0495327
vn -0.370631 -0.928734 0.0092814
vn -0.334544 0.577115 -0.744996
vn 0.744107 0.60476 0.283849
vn 0.319478 0.936746 -0.142973
vn 0.022094 -0.294629 0.955356
vn 0.89018 -0.306946 -0.336696
vn 0.0623763 -0.472573 -0.879081
vn -0.0717528 -0.752029 -0.655213
vn 0.853729 -0.0381567 -0.519318
vn -0.684277 -0.441642 0.580273
vn 0.0312508 -0.218631 0.975307
vn -0.657985 -0.560639 0.502731
vn 0.10469 -0.277975 0.954866
vn 0.0804716 -0.248134 0.965378
vn -0.745062 -0.498365 0.4433
vn -0.223127 -0.150283 0.963135
vn -0.778695 -0.390379 0.491161
vn 0.69655 0.175161 -0.6958
vn -0.101813 -0.301033 -0.948163
vn -0.570495 -0.527212 0.629748
vn -0.12719 0.546418 0.827799
vn -0.972557 -0.0346572 0.230069
vn 0.264195 -0.0404386 0.963621
vn -0.87453 0.475204 0.096847
vn 0.0885646 0.905209 0.415635
vn -0.255477 0.819401 0.513141
vn -0.921183 0.35551 0.158223
vn 0.0227503 0.594009 -0.804137
vn 0.0227506 0.593953 -0.804178
vn 0.0227194 0.593954 -0.804178
vn 0.0228445 0.593987 -0.80415
vn -0.0227506 -0.593953 0.804178
vn -0.0227194 -0.593954 0.804178
vn -0.02275 -0.593938 0.804189
vn -0.279567 0.00590634 0.960108
vn 0.0436569 -0.308849 0.950109
vn 0.100907 0.0165626 0.994758
vn 0.166473 -0.587233 0.792113
vn -0.0342823 -0.998967 -0.0298134
vn 0.15416 -0.585014 -0.796237
vn -0.222411 -0.358821 -0.906521
vn 0.31366 -0.94173 0.121501
vn -0.652046 -0.31807 0.688235
vn -0.994771 -0.0813767 -0.06172
vn -0.627052 -0.263071 0.733212
vn -0.948083 -0.269381 -0.169035
vn -0.480198 -0.609482 0.630826
vn -0.91775 -0.329418 -0.221851
vn -0.639801 -0.58133 0.502703
vn -0.901865 -0.399447 -0.164566
vn -0.262791 -0.342044 -0.90219
vn -0.0582196 -0.690604 0.720886
vn 0.855648 -0.252819 -0.451606
vn -0.816737 -0.513824 0.262537
vn 0.449919 0.0822212 -0.889276
vn -0.938048 -0.241348 0.248629
vn -0.341853 0.384573 -0.857461
vn -0.484573 0.839456 0.245974
vn 0.54024 -0.83497 -0.104723
vn 0.34057 -0.342913 -0.875456
vn 0.0830969 0.431422 0.898315
vn -0.780029 0.625461 0.018782
vn -0.506107 0.00406261 0.862461
vn -0.148502 0.983795 -0.10047
vn 0.313663 0.948895 -0.0348445
vn 0.488445 0.274973 0.828137
vn 0.362356 0.608645 0.705867
vn 0.169973 0.983054 -0.0686578
vn -0.622268 -0.231257 0.747865
vn -0.297067 -0.665761 0.68448
vn -0.410699 0.019813 0.911556
vn -0.462544 -0.500108 0.732083
vn 0.945768 -0.110315 -0.305537
vn 0.945766 -0.110252 -0.305568
vn 0.94577 -0.110127 -0.3056
vn 0.945771 -0.110377 -0.305507
vn -0.945779 0.110128 0.305572
vn -0.945776 0.110159 0.305571
vn -0.945767 0.110158 0.305599
vn 0.177445 -0.917818 0.355139
vn 0.812365 0.581578 0.0427824
vn -0.671241 -0.00925031 -0.741181
vn -0.163161 0.911181 -0.378323
vn -0.961216 -0.103753 0.255539
vn 0.602772 -0.548208 0.579771
vn 0.11216 0.146005 -0.982905
vn 0.960634 0.078157 -0.266596
vn 0.295354 -0.944596 0.143193
vn 0.579392 -0.353635 0.734334
vn 0.0802832 -0.684829 0.724268
vn -0.567391 -0.420918 0.707739
vn 0.233944 0.254663 0.938306
vn 0.570803 0.757185 0.317575
vn 0.530329 0.718928 -0.449326
vn 0.535323 0.503041 -0.678513
vn 0.990228 0.106501 0.0900321
vn 0.401323 -0.181348 0.897804
vn -0.522164 -0.350599 0.777448
vn 0.558833 -0.263385 -0.786342
vn 0.0302501 -0.997723 -0.0602815
vn -0.201099 -0.958929 0.200036
vn 0.229942 -0.956833 0.177754
vn -0.0599692 -0.993007 -0.101688
vn -0.363727 -0.844801 0.392447
vn 0.756663 0.182064 -0.627943
vn 0.0612826 -0.111003 -0.991929
vn -0.710932 0.168756 0.682713
vn -0.332878 0.205565 0.920291
vn -0.691419 -0.253098 0.676669
vn 0.686883 -0.251534 -0.681852
vn 0.723005 0.11672 -0.680911
vn 0.958348 0.216164 -0.186663
vn 0.957713 -0.285508 -0.0356572
vn 0.754776 0.354481 0.551957
vn -0.871709 -0.39801 0.285851
vn -0.877553 -0.289445 0.38226
vn -0.926453 -0.375006 -0.0324693
vn 0.966402 -0.0697832 -0.247382
vn 0.643715 0.475052 -0.599964
vn -0.0782829 -0.419321 -0.904456
vn -0.144908 -0.335347 -0.930884
vn 0.605765 -0.444792 -0.659704
vn 0.889651 -0.454107 -0.0480327
vn 0.905131 -0.414815 0.0930944
vn 0.667506 -0.184752 0.72132
vn -0.983735 -0.104939 0.145784
vn -0.652266 0.229756 0.72233
vn -0.690128 0.129688 0.711972
vn -0.00287501 0.30097 0.953629
vn -0.631919 0.437197 0.639951
vn -0.608261 0.460259 0.646668
vn -0.639412 0.742194 0.200752
vn -0.768006 0.0728443 -0.636286
vn -0.71277 0.21035 -0.669113
vn -0.215786 0.952988 -0.212723
vn -0.373166 0.887367 0.270788
vn -0.693176 0.720677 0.0114378
vn 0.95156 0.262414 -0.160224
vn 0.574295 0.456042 0.67986
vn -0.0910022 0.167035 0.981742
vn -0.695174 -0.287538 0.658829
vn 0.898798 0.303193 -0.3166
vn 0.213037 0.146098 -0.966059
vn 0.32913 -0.295879 0.896732
vn 0.524354 0.35707 0.773016
vn 0.495571 0.256911 0.829702
vn -0.719768 -0.511794 0.469043
vn -0.043345 -0.118066 0.992059
vn -0.721217 -0.100348 0.685403
vn -0.582204 -0.237694 0.777522
vn 0.790603 0.177502 0.586038
vn 0.830579 0.243161 -0.50101
vn 0.833256 0.530805 -0.154694
vn -0.794846 -0.394454 -0.461113
vn -0.0797208 0.183536 -0.979775
vn 0.00621879 0.0586879 -0.998257
vn 0.583103 0.287005 0.760012
vn 0.0981575 0.51185 0.853448
vn 0.0598131 0.676163 0.73432
vn 0.368516 0.788096 0.493052
vn -0.411348 -0.841821 0.349472
vn -0.0346572 -0.718488 0.694675
vn -0.00575011 -0.758858 0.651231
vn -0.85866 -0.426517 -0.28423
vn -0.951861 -0.235129 -0.19666
vn -0.968915 -0.103126 0.224877
vn -0.884986 -0.444071 -0.140003
vn -0.7273 -0.422261 -0.541045
vn -0.696448 -0.519664 0.494883
vn 0.918778 -0.357198 -0.168099
vn -0.61982 -0.39513 0.678008
vn 0.523514 -0.851804 -0.0190318
vn 0.260942 -0.940828 -0.216222
vn -0.770409 -0.410956 0.487428
vn 0.640895 -0.372074 0.671427
vn 0.38573 -0.0798149 0.919153
vn 0.775425 -0.322789 0.5427
vn 0.670888 0.305099 -0.675888
vn -0.677522 -0.291572 0.675241
vn -0.795521 -0.294664 -0.529452
vn -0.765118 -0.119316 -0.632739
vn -0.988445 0.127345 0.0822194
vn -0.413915 -0.342195 0.84355
vn -0.212475 0.896775 0.388136
vn 0.614382 0.273722 0.740008
vn 0.706985 0.508668 -0.491355
vn 0.66082 0.254003 -0.706258
vn 0.93641 -0.119973 -0.329762
vn -0.574052 0.634054 -0.518112
vn 0.708043 -0.0282192 0.705605
vn 0.0881566 0.463815 0.881535
vn -0.0337506 0.0989705 0.994518
vn 0.755645 -0.573328 0.316696
vn -0.589048 -0.799491 0.117628
vn -0.0441576 -0.015438 0.998905
vn -0.209443 -0.96684 -0.146129
vn 0.717144 -0.000406261 -0.696925
vn -0.0251881 0.999586 0.0139066
vn -0.6752 0.180909 0.715107
vn 0.308973 -0.951045 -0.00703135
vn 0.852739 -0.472605 0.222443
vn -0.513735 0.441576 0.735586
vn 0.541035 0.0395628 -0.840069
vn 0.593454 0.435512 -0.676862
vn 0.641239 0.253102 -0.724398
vn -0.332788 0.78136 0.527948
vn -0.189877 0.580787 0.791602
vn -0.858177 0.28457 0.427261
vn -0.496668 -0.580858 0.644922
vn -0.562324 -0.775766 0.286318
vn 0.955991 0.292288 -0.0254693
vn 0.0382192 -0.0519381 -0.997919
vn -0.934632 -0.183845 0.304408
vn -0.158349 -0.500517 0.851122
vn -0.506201 -0.540045 0.672393
vn 0.217033 -0.360409 0.907195
vn 0.417004 -0.60413 0.679069
vn 0.570141 -0.426637 0.702082
vn 0.885155 0.407826 0.224007
vn 0.75804 0.581757 0.294847
vn 0.86993 -0.487982 0.071377
vn 0.645929 -0.294948 0.704118
vn 0.330576 -0.310012 0.89141
vn 0.76992 0.415008 -0.484759
vn -0.660984 0.366415 -0.654859
vn 0.587513 0.800675 -0.117253
vn -0.400382 0.0635636 -0.914141
vn -0.994189 0.103406 -0.0299063
vn -0.951202 0.308505 -0.0063126
vn -0.526549 0.373419 -0.763744
vn 0.654613 -0.369761 -0.659363
vn 0.155254 0.0296257 -0.98743
vn 0.83152 0.314508 0.457886
vn 0.860614 0.093971 0.500512
vn 0.917981 -0.250503 0.307504
vn -0.763514 -0.366757 -0.531541
vn -0.872686 -0.337543 -0.352824
vn -0.410471 0.0438752 -0.910818
vn 0.866514 0.113533 0.48607
vn 0.596957 -0.802214 -0.00971907
vn 0.689338 -0.425859 -0.586053
vn -0.505482 -0.776614 -0.375978
vn -0.336569 -0.793233 -0.507447
vn -0.10172 -0.994795 -0.00596883
vn 0.957143 -0.27688 0.0849391
vn 0.258693 0.480636 -0.837894
vn 0.834398 0.121066 0.537702
vn 0.896738 -0.396821 -0.195942
vn 0.855274 -0.379386 0.352948
vn 0.683864 0.387293 0.618331
vn -0.11547 0.847604 -0.517913
vn 0.633175 0.573923 0.519328
vn 0.732167 0.658697 -0.173346
vn 0.537233 0.526889 -0.658611
vn 0.351135 0.919121 -0.178662
vn -0.444661 -0.894228 -0.051313
vn 0.973543 -0.220596 0.0595945
vn 0.993335 -0.104034 0.0496261
vn -0.335789 0.831739 -0.442104
vn -0.454012 0.514514 0.727426
vn -0.595116 -0.715308 -0.366295
vn 0.0862212 -0.604455 -0.79196
vn -0.47148 -0.065689 -0.879427
vn -0.645736 -0.721645 -0.249507
vn 0.210504 -0.894111 0.395289
vn 0.578202 -0.777238 0.248162
vn 0.800821 0.273784 -0.532662
vn -0.476881 -0.225409 0.849573
vn 0.201377 0.967262 0.154439
vn 0.0363135 0.00146879 -0.999339
vn 0.467226 -0.319911 -0.824231
vn 0.728049 0.281257 -0.625171
vn 0.837875 0.376077 0.39564
vn -0.116065 -0.362946 -0.924553
vn -0.728017 -0.664234 -0.16966
vn 0.881619 -0.0283758 0.471107
vn 0.726175 -0.459199 0.51167
vn -0.957169 0.0790323 -0.278535
vn -0.750803 -0.203412 -0.628425
vn -0.690073 0.226972 -0.687229
vn -0.707271 -0.542016 -0.453857
vn -0.267847 0.938197 0.21919
vn 0.478599 0.209659 -0.852635
vn 0.0521258 0.0440006 0.997671
vn 0.290192 0.167815 0.942139
vn 0.37967 0.0509081 -0.92372
vn -0.788684 -0.49258 -0.367888
vn 0.908536 0.406891 0.0948788
vn 0.33944 0.221033 0.914289
vn 0.79299 0.569703 0.215881
vn -0.0289068 -0.085439 0.995924
vn -0.775392 0.483448 0.406259
vn -0.729639 0.566573 0.382913
vn -0.618649 0.758592 0.204477
vn -0.0894713 0.443356 0.891869
vn 0.239784 -0.0688132 0.968385
vn 0.562693 0.826665 -0.00146876
vn 0.726298 0.597826 0.339258
vn -0.846235 -0.436196 0.305974
vn -0.697048 -0.659547 0.281288
vn -0.528421 -0.393105 0.752489
vn 0.700399 -0.211851 0.681586
vn -0.933247 -0.225319 0.27979
vn -0.32276 -0.518766 0.791649
vn -0.44811 0.669055 0.592927
vn -0.959409 0.092597 0.266384
vn 0.599332 -0.259946 0.757119
vn 0.566643 -0.00109378 0.823963
vn 0.562423 0.569798 -0.599174
vn 0.661714 -0.109504 -0.741717
vn -0.034782 0.0824081 0.995992
vn -0.505481 0.668203 0.545888
vn -0.432449 0.575421 0.694175
vn -0.451724 0.747102 0.487631
vn -0.927905 0.349042 -0.131004
vn 0.36948 0.0779087 -0.925967
vn 0.609297 -0.00509388 -0.792926
vn 0.530447 0.225629 0.81714
vn -0.0109065 -0.422354 0.906365
vn -0.740059 -0.655399 0.150881
vn -0.570539 -0.296004 -0.766073
vn -0.50717 -0.700363 -0.502264
vn -0.0111564 -0.751229 0.659947
vn -0.522888 -0.393791 0.755987
vn -0.382198 0.156973 0.91065
vn -0.824929 0.0919713 0.557703
vn -0.64411 -0.372603 0.668048
vn -0.760856 -0.135846 0.634542
vn -0.458977 -0.195503 0.866671
vn -0.582239 -0.552988 0.595989
vn 0.186535 -0.326849 0.926485
vn -0.908704 0.283224 0.306662
vn -0.840304 0.534827 -0.0885961
vn -0.275942 -0.217941 0.93614
vn -0.393544 -0.634458 0.665272
vn -0.262163 -0.256632 0.930274
vn 0.653116 0.0664397 0.754338
vn 0.848593 -0.30373 0.433172
vn 0.853156 0.34295 -0.393077
vn 0.48195 -0.864117 -0.145004
vn 0.211501 -0.20047 -0.956598
vn 0.350446 -0.227287 -0.908586
vn -0.988639 -0.142721 0.0471569
vn -0.530541 0.847641 0.00553135
vn 0.627015 0.368634 -0.686266
vn 0.801299 0.488011 -0.34607
vn -0.785078 0.324225 -0.52776
vn -0.529666 -0.846703 0.0504697
vn 0.543448 -0.608356 -0.578418
vn -0.0845328 0.301224 -0.949799
vn -0.025532 -0.783899 0.620363
vn -0.789989 -0.309727 0.529138
vn -0.37564 0.123692 0.918474
vn 0.3337 0.0364701 0.941974
vn 0.137473 0.388606 0.911091
vn 0.470544 -0.570609 0.673049
vn -0.119067 -0.638368 0.760466
vn 0.551083 -0.622742 -0.555427
vn -0.626005 0.498222 -0.599911
vn 0.858928 -0.509544 -0.0510638
vn 0.713931 -0.695305 -0.0827841
vn 0.772485 -0.56895 0.282069
vn -0.638117 -0.761653 -0.11266
vn 0.269222 0.00206253 0.963076
vn 0.278446 0.373012 0.885059
vn 0.897551 0.393383 0.199129
vn 0.986885 0.14072 0.0790945
vn -0.0745958 0.633111 0.770458
vn 0.559238 0.825528 0.0758776
vn -0.354603 -0.928431 -0.110784
vn 0.0435941 -0.703287 0.709568
vn 0.636137 0.0772202 -0.767702
vn 0.319043 -0.0145943 -0.947628
vn -0.321629 -0.462662 -0.826135
vn 0.226379 -0.0566571 0.97239
vn 0.19094 -0.115127 0.974827
vn 0.311727 0.182598 -0.932461
vn 0.201633 0.407579 -0.890631
vn 0.60245 0.240349 0.761109
vn 0.022782 0.593862 -0.804244
vn -0.730586 0.556143 0.396169
vn -0.949387 -0.0523131 0.309723
vn 0.147157 -0.862007 0.485066
vn -0.48645 0.04897 0.872335
vn -0.687052 0.726209 -0.0240945
vn -0.736241 -0.469858 0.487015
vn -0.90454 -0.301503 0.301503
vn 0.294104 0.511174 -0.807591
vn -0.262698 -0.254791 0.93063
vn -0.536699 -0.210192 0.817174
vn 0.0390004 -0.177814 0.983291
vn -0.618115 -0.589395 0.520142
vn 0.759331 -0.286319 0.584327
vn -0.325505 -0.917202 0.229754
vn 0.484644 0.78425 0.387391
vn 0.896207 -0.200036 -0.395977
vn -0.424734 -0.679712 -0.59799
vn -0.131973 -0.094409 0.986747
vn 0.165784 0.148659 0.974893
vn -0.864893 -0.402415 -0.300038
vn -0.59919 -0.595659 -0.53494
vn -0.534582 -0.685869 -0.493768
vn -0.287853 -0.708929 -0.643864
vn -0.79886 -0.434853 0.415602
vn -0.249164 -0.290977 0.923715
vn -0.659746 -0.456519 0.596931
vn 0.635107 0.344226 0.691483
vn 0.167221 -0.4611 0.871449
vn 0.0172814 0.224627 0.974291
vn 0.286165 -0.165318 0.943811
vn 0.0792832 -0.206286 0.975274
vn -0.66055 -0.102815 0.743709
vn -0.705337 0.00218758 0.708869
vn 0.285943 -0.286068 0.91455
vn 0.0125316 0.748582 -0.662924
vn 0.469729 -0.0441572 0.881706
vn 0.442728 0.0509698 0.895206
vn 0.0214689 0.107782 0.993943
vn 0.596476 -0.790541 0.138783
vn 0.575443 0.0483129 0.816414
vn -0.893183 -0.408981 0.186974
vn -0.309413 -0.836394 -0.452448
vn -0.498763 0.730081 0.467137
vn -0.64498 0.440351 0.624573
vn 0 -0.316228 0.948683
vn -0.948683 0 0.316228
vn 0.466756 0.124752 0.875543
vn 0.788016 0.152941 0.596356
vn 0.282038 -0.604295 0.745173
vn -0.297198 -0.731932 -0.613147
vn -0.707107 0.707107 -0
vn 0 1 -0
vn 0.139942 0.592144 0.793588
vn -0.408238 -0.408238 0.816507
vn 0.371858 -0.573991 0.729559
vn 0.210256 -0.555141 0.804742
vn -0.818939 -0.553022 -0.153319
vn -0.0340944 0.0190316 -0.999237
vn -0.351198 -0.452358 -0.819776
vn 0.0659697 0.954701 0.290161
vn -0.0760958 -0.941463 -0.328415
vn 0.375851 -0.138534 -0.916267
vn -0.438039 0.147534 -0.886767
vn -0.593519 -0.579988 0.557987
vn -0.0591259 -0.619822 0.782512
vn 0.757562 -0.52374 0.38961
vn 0.29407 -0.424011 0.856585
vn 0.208755 0.040001 -0.97715
vn -0.367229 -0.92012 -0.136098
vn -0.668743 -0.188694 0.719151
vn -0.0706581 0.0225631 0.997245
vn 0.21116 -0.687826 0.694483
vn -0.199848 0.323288 -0.924957
vn -0.322101 0.861958 -0.391509
vn 0.118564 0.29188 -0.949078
vn 0.109377 0.681228 -0.723854
vn 0.764032 -0.388016 -0.515459
vn -0.488485 0.457641 -0.742931
vn 0.247698 0.261042 -0.933007
vn 0.0478135 -0.536199 -0.842736
vn 0.0395323 -0.177786 -0.983275
vn -0.908544 0.416975 0.0260629
vn 0.507976 0.331161 0.795168
vn 0.21572 0.215626 -0.95235
vn 0.978288 -0.124876 -0.165407
vn -0.154814 0.390316 -0.907571
vn -0.0649394 0.571954 -0.817711
vn 0.581482 0.101721 -0.807175
vn -0.501702 0.142754 -0.85318
vn 0.236909 0.552412 -0.799196
vn 0.933305 0.28107 0.223475
vn 0.989764 0.00390631 0.142658
vn -0.657111 0.18488 -0.73077
vn -0.485733 0.867713 -0.105534
vn 0.0341885 -0.975592 -0.216913
vn 0.207663 -0.420419 0.883246
vn -0.689432 0.145943 -0.709495
vn 0.472925 0.444205 -0.760936
vn 0.960771 -0.270006 0.0633764
vn -0.318474 -0.789826 0.524165
vn -0.0461574 -0.0591577 0.997181
vn -0.0754071 0.855572 -0.512162
vn -0.638201 0.755735 -0.146847
vn -0.605835 0.255447 0.753466
vn -0.317352 0.52342 -0.790771
vn -0.666776 0.718653 0.197351
vn -0.234599 0.600638 -0.764328
vn -0.694455 -0.340696 0.633766
vn 0.299949 -0.700153 -0.647932
vn 0.525513 -0.654985 0.542982
vn 0 -0.707107 -0.707107
vn -0.837579 -0.343726 0.424633
vn 0.372355 -0.284228 0.883496
vn -0.681301 -0.729865 0.0559079
vn -0.94576 0.11022 0.305597
vn -0.579271 0.221383 0.784497
vn -0.584325 0.18991 0.788986
vn -0.579044 0.224099 0.783893
vn 0.433015 -0.348231 -0.831404
vn 0.444291 -0.336695 -0.830206
vn 0.441011 -0.346477 -0.827927
vn -0.62708 -0.75849 -0.17738
vn 0.444324 -0.343572 -0.827366
vn -0.564584 -0.812437 -0.145568
vn -0.120845 0.821011 0.557976
vn -0.121721 0.813205 0.569106
vn -0.103283 0.813299 0.572606
vn -0.118941 -0.863402 -0.490296
vn -0.121598 -0.854593 -0.504862
vn -0.0947507 -0.871756 -0.480691
vn -0.588298 0.2191 0.778397
vn -0.0519385 0.818578 0.572042
vn -0.135127 -0.858172 -0.495259
vn -0.606546 -0.405666 0.683767
vn -0.254664 -0.489328 0.834089
# 530 vertex normals

usemtl diss_00.png
f 492/258/321 493/257/320 494/256/319
f 495/259/322 494/256/319 493/257/320
f 496/262/325 497/261/324 498/260/323
f 499/263/319 498/260/323 497/261/324
f 497/261/324 500/264/326 499/263/319
f 500/264/326 501/261/328 502/265/327
f 502/265/327 499/263/319 500/264/326
f 498/260/323 503/263/321 496/262/325
f 501/261/328 496/262/325 503/263/321
f 503/263/321 502/265/327 501/261/328
f 504/256/331 505/259/330 506/258/329
f 507/257/332 506/258/329 505/259/330
f 508/263/334 509/265/331 510/261/333
f 511/264/335 510/261/333 509/265/331
f 512/265/337 513/263/329 514/264/336
f 515/261/338 514/264/336 513/263/329
f 516/260/331 517/263/337 518/262/335
f 519/261/336 518/262/335 517/263/337
f 513/263/329 520/260/334 515/261/338
f 521/262/333 515/261/338 520/260/334
f 522/268/341 523/267/340 524/266/339
f 525/269/342 524/266/339 523/267/340
f 526/272/345 527/271/344 528/270/343
f 529/273/346 528/270/343 527/271/344
f 527/271/344 526/272/345 530/274/347
f 531/275/348 530/274/347 526/272/345
f 532/277/350 533/276/349 531/275/348
f 530/274/347 531/275/348 533/276/349
f 534/280/342 535/279/340 536/278/351
f 537/281/352 536/278/351 535/279/340
f 538/284/355 539/283/354 540/282/353
f 541/285/356 540/282/353 539/283/354
f 542/288/358 543/287/354 544/286/357
f 545/289/355 544/286/357 543/287/354
f 542/288/358 544/286/357 546/290/359
f 547/291/360 546/290/359 544/286/357
f 548/294/363 549/293/362 550/292/361
f 551/295/364 550/292/361 549/293/362
f 552/298/366 553/297/365 554/296/365
f 555/299/367 554/296/365 553/297/365
f 556/302/370 557/301/369 558/300/368
f 559/303/371 558/300/368 557/301/369
f 560/305/374 561/280/373 562/304/372
f 563/279/375 562/304/372 561/280/373
f 564/270/378 565/273/377 566/272/376
f 567/271/379 566/272/376 565/273/377
f 566/272/376 567/271/379 568/275/380
f 569/274/381 568/275/380 567/271/379
f 568/275/380 569/274/381 570/277/382
f 571/276/383 570/277/382 569/274/381
f 572/308/386 573/307/385 574/306/384
f 575/309/387 574/306/384 573/307/385
f 576/311/389 577/310/388 574/306/384
f 575/309/387 576/311/389 574/306/384
f 577/310/388 576/311/389 578/312/390
f 579/313/391 578/312/390 576/311/389
f 563/279/375 561/280/373 580/281/392
f 581/278/393 580/281/392 561/280/373
f 582/282/396 583/285/395 584/284/394
f 585/283/397 584/284/394 583/285/395
f 585/283/397 586/314/398 584/284/394
f 587/315/399 584/284/394 586/314/398
f 587/315/399 586/314/398 588/316/400
f 589/317/401 588/316/400 586/314/398
f 590/320/404 591/319/403 592/318/402
f 593/321/405 592/318/402 591/319/403
f 594/292/408 595/295/407 596/294/406
f 597/293/409 596/294/406 595/295/407
f 598/296/410 599/299/411 600/298/410
f 601/297/412 600/298/410 599/299/411
f 496/262/325 501/261/328 602/322/413
f 497/261/324 496/262/325 602/322/413
f 500/264/326 497/261/324 603/323/414
f 602/322/413 603/323/414 497/261/324
f 604/326/414 605/325/413 606/324/415
f 607/327/320 503/263/321 498/260/323
f 603/323/414 608/328/416 500/264/326
f 501/261/328 609/323/415 602/322/413
f 609/323/415 501/261/328 500/264/326
f 608/328/416 609/323/415 500/264/326
f 606/324/415 610/329/416 604/326/414
f 498/260/323 499/263/319 611/327/322
f 612/330/322 607/327/320 498/260/323
f 494/256/319 613/331/327 492/258/321
f 614/263/331 520/260/334 615/327/330
f 616/331/337 504/256/331 506/258/329
f 513/263/329 617/327/332 520/260/334
f 617/327/332 618/330/330 520/260/334
f 515/261/338 521/262/333 619/322/417
f 619/322/417 620/323/418 515/261/338
f 514/264/336 515/261/338 620/323/418
f 619/322/417 521/262/333 621/261/335
f 622/323/419 619/322/417 621/261/335
f 621/261/335 514/264/336 622/323/419
f 623/325/417 624/326/419 625/324/418
f 514/264/336 626/328/420 622/323/419
f 620/323/418 626/328/420 514/264/336
f 627/329/420 625/324/418 624/326/419
f 628/334/423 629/333/422 630/332/421
f 631/336/425 628/334/423 632/335/424
f 633/339/428 634/338/427 635/337/426
f 636/342/431 637/341/430 638/340/429
f 639/345/434 640/344/433 641/343/432
f 642/348/437 643/347/436 644/346/435
f 645/350/439 633/339/428 646/349/438
f 647/353/442 648/352/441 649/351/440
f 650/356/445 651/355/444 652/354/443
f 653/358/447 650/356/445 654/357/446
f 652/354/443 654/357/446 650/356/445
f 655/361/450 656/360/449 657/359/448
f 658/362/451 641/343/432 640/344/433
f 658/362/451 659/364/452 660/363/445
f 661/367/455 662/366/454 663/365/453
f 664/368/458 665/366/457 666/365/456
f 665/366/457 661/367/455 666/365/456
f 667/371/461 668/370/460 669/369/459
f 670/373/457 654/357/446 671/372/455
f 654/357/446 652/354/443 671/372/455
f 672/376/464 673/375/463 674/374/462
f 675/379/467 676/378/466 677/377/465
f 678/382/470 679/381/469 680/380/468
f 641/343/432 658/362/451 681/383/471
f 681/383/471 658/362/451 660/363/445
f 681/383/471 660/363/445 682/384/472
f 682/384/472 648/352/441 683/385/473
f 683/385/473 648/352/441 684/386/474
f 648/352/441 647/353/442 684/386/474
f 684/386/474 647/353/442 685/387/434
f 686/388/475 641/343/432 681/383/471
f 686/388/475 687/389/476 641/343/432
f 639/345/434 641/343/432 687/389/476
f 688/392/479 689/391/478 690/390/477
f 691/393/480 684/386/474 685/387/434
f 691/393/480 528/270/343 529/273/346
f 683/385/473 684/386/474 692/394/481
f 529/273/346 692/394/481 691/393/480
f 684/386/474 691/393/480 692/394/481
f 647/353/442 693/386/482 685/387/434
f 564/270/378 694/393/483 565/273/377
f 693/386/482 694/393/483 685/387/434
f 649/351/440 648/352/441 695/395/463
f 529/273/346 527/271/344 696/396/484
f 696/396/484 527/271/344 530/274/347
f 697/398/486 698/397/485 696/396/484
f 685/387/434 699/399/487 691/393/480
f 531/275/348 526/272/345 699/399/487
f 526/272/345 528/270/343 699/399/487
f 528/270/343 691/393/480 699/399/487
f 698/397/485 697/398/486 700/400/488
f 700/400/488 701/401/489 698/397/485
f 702/402/490 696/396/484 530/274/347
f 697/398/486 696/396/484 702/402/490
f 530/274/347 533/276/349 702/402/490
f 703/405/493 704/404/492 705/403/491
f 706/408/496 707/407/495 708/406/494
f 699/399/487 709/409/497 531/275/348
f 532/277/350 531/275/348 709/409/497
f 710/411/500 711/391/499 712/410/498
f 713/412/503 714/341/502 715/340/501
f 716/415/506 717/414/505 718/413/504
f 719/418/509 720/417/508 721/416/507
f 722/421/511 723/420/452 724/419/510
f 724/419/510 720/417/508 722/421/511
f 725/422/512 721/416/507 720/417/508
f 724/419/510 725/422/512 720/417/508
f 663/365/453 726/368/514 727/423/513
f 662/366/454 726/368/514 663/365/453
f 669/369/459 728/424/515 667/371/461
f 727/423/513 728/424/515 669/369/459
f 727/423/513 726/368/514 728/424/515
f 729/427/518 730/426/517 731/425/516
f 731/425/516 718/413/504 717/414/505
f 732/430/521 733/429/520 734/428/519
f 723/420/452 735/431/451 724/419/510
f 724/419/510 735/431/451 736/432/433
f 736/432/433 725/422/512 724/419/510
f 680/380/468 737/433/522 678/382/470
f 738/434/523 654/357/446 670/373/457
f 654/357/446 738/434/523 653/358/447
f 674/374/462 739/435/524 738/434/523
f 739/435/524 653/358/447 738/434/523
f 673/375/463 739/435/524 674/374/462
f 674/374/462 740/436/525 672/376/464
f 740/436/525 741/437/461 672/376/464
f 731/425/516 742/438/526 729/427/518
f 717/414/505 742/438/526 731/425/516
f 721/416/507 743/439/527 719/418/509
f 743/439/527 744/441/529 745/440/528
f 745/440/528 719/418/509 743/439/527
f 746/444/532 747/443/531 748/442/530
f 749/447/535 750/446/534 751/445/533
f 752/450/538 753/449/537 754/448/536
f 755/453/541 756/452/540 757/451/539
f 755/453/541 757/451/539 678/382/470
f 678/382/470 757/451/539 679/381/469
f 758/455/503 759/454/501 690/390/477
f 760/457/543 642/348/437 761/456/542
f 732/430/521 734/428/519 762/458/544
f 732/430/521 762/458/544 763/459/520
f 639/345/434 687/389/476 764/460/545
f 698/397/485 701/401/489 764/460/545
f 765/461/487 701/401/489 700/400/488
f 764/460/545 765/461/487 639/345/434
f 764/460/545 701/401/489 765/461/487
f 766/392/546 711/391/499 710/411/500
f 761/456/542 642/348/437 767/462/547
f 768/463/548 760/457/543 761/456/542
f 767/462/547 768/463/548 761/456/542
f 767/462/547 769/348/550 770/456/549
f 770/456/549 769/348/550 771/457/551
f 525/269/342 772/464/552 524/266/339
f 772/464/552 543/287/354 542/288/358
f 772/464/552 773/465/553 524/266/339
f 542/288/358 546/290/359 773/465/553
f 542/288/358 773/465/553 772/464/552
f 645/350/439 774/467/421 775/466/554
f 674/374/462 738/434/523 776/468/458
f 740/436/525 674/374/462 776/468/458
f 776/468/458 738/434/523 670/373/457
f 666/365/456 777/469/554 778/423/555
f 778/423/555 664/368/458 666/365/456
f 777/469/554 779/470/422 778/423/555
f 694/393/483 780/399/556 685/387/434
f 564/270/378 566/272/376 780/399/556
f 694/393/483 564/270/378 780/399/556
f 566/272/376 568/275/380 780/399/556
f 720/417/508 781/471/557 722/421/511
f 720/417/508 719/418/509 781/471/557
f 781/471/557 782/417/558 722/421/511
f 721/416/507 725/422/512 782/417/558
f 719/418/509 745/440/528 783/472/559
f 719/418/509 783/472/559 781/471/557
f 743/439/527 721/416/507 784/418/560
f 783/472/559 784/418/560 781/471/557
f 782/417/558 784/418/560 721/416/507
f 784/418/560 782/417/558 781/471/557
f 785/394/561 565/273/377 694/393/483
f 785/394/561 694/393/483 693/386/482
f 693/386/482 786/385/562 785/394/561
f 785/394/561 786/385/562 787/473/563
f 700/400/488 788/474/497 765/461/487
f 661/367/455 789/475/564 666/365/456
f 789/475/564 777/469/554 666/365/456
f 790/476/565 754/448/536 753/449/537
f 777/469/554 789/475/564 790/476/565
f 789/475/564 754/448/536 790/476/565
f 689/391/478 791/411/567 792/410/566
f 791/411/567 689/391/478 688/392/479
f 792/410/566 791/411/567 793/477/568
f 522/268/341 794/479/570 795/478/569
f 523/267/340 522/268/341 795/478/569
f 565/273/377 785/394/561 796/480/571
f 796/480/571 785/394/561 787/473/563
f 529/273/346 696/396/484 797/480/572
f 797/480/572 696/396/484 698/397/485
f 797/480/572 692/394/481 529/273/346
f 792/410/566 798/481/573 762/458/544
f 799/482/574 798/481/573 792/410/566
f 800/483/544 798/481/573 799/482/574
f 801/486/577 802/485/576 803/484/575
f 804/487/579 733/429/520 805/485/578
f 805/485/578 806/488/580 804/487/579
f 807/491/534 808/490/582 809/489/581
f 682/384/472 810/473/583 681/383/471
f 810/473/583 686/388/475 681/383/471
f 683/385/473 692/394/481 810/473/583
f 686/388/475 810/473/583 797/480/572
f 692/394/481 797/480/572 810/473/583
f 683/385/473 810/473/583 682/384/472
f 811/494/585 812/493/584 813/492/579
f 814/495/586 734/428/519 733/429/520
f 762/458/544 734/428/519 814/495/586
f 733/429/520 815/496/587 814/495/586
f 816/433/588 814/495/586 815/496/587
f 817/497/524 648/352/441 682/384/472
f 648/352/441 817/497/524 695/395/463
f 818/499/500 819/412/589 820/498/429
f 809/489/581 821/501/591 822/500/590
f 823/502/465 750/446/534 749/447/535
f 824/503/582 750/446/534 823/502/465
f 748/442/530 824/503/582 825/443/592
f 823/502/465 825/443/592 824/503/582
f 825/443/592 746/444/532 748/442/530
f 747/443/531 826/503/575 748/442/530
f 826/503/575 747/443/531 827/502/593
f 828/446/594 749/447/535 751/445/533
f 828/446/594 827/502/593 749/447/535
f 827/502/593 828/446/594 826/503/575
f 829/504/596 712/410/498 830/482/595
f 829/504/596 830/482/595 831/483/597
f 806/488/580 805/485/578 832/505/598
f 832/505/598 833/506/530 803/484/575
f 832/505/598 803/484/575 802/485/576
f 834/484/582 833/506/530 832/505/598
f 805/485/578 834/484/582 832/505/598
f 805/485/578 835/486/599 834/484/582
f 836/507/600 698/397/485 764/460/545
f 836/507/600 764/460/545 687/389/476
f 687/389/476 686/388/475 836/507/600
f 797/480/572 698/397/485 836/507/600
f 797/480/572 836/507/600 686/388/475
f 744/441/529 716/415/506 837/508/601
f 718/413/504 837/508/601 716/415/506
f 837/508/601 745/440/528 744/441/529
f 745/440/528 838/509/602 783/472/559
f 745/440/528 837/508/601 838/509/602
f 744/441/529 743/439/527 839/440/603
f 838/509/602 839/440/603 783/472/559
f 839/440/603 784/418/560 783/472/559
f 784/418/560 839/440/603 743/439/527
f 663/365/453 840/475/604 661/367/455
f 646/349/438 841/511/606 842/510/605
f 646/349/438 843/512/607 645/350/439
f 842/510/605 843/512/607 646/349/438
f 774/467/421 645/350/439 843/512/607
f 628/334/423 630/332/421 844/513/608
f 632/335/424 628/334/423 844/513/608
f 822/500/590 821/501/591 845/514/609
f 845/514/609 821/501/591 846/515/610
f 711/391/499 847/516/611 712/410/498
f 848/458/612 712/410/498 847/516/611
f 848/458/612 847/516/611 849/495/613
f 843/512/607 850/517/608 774/467/421
f 851/518/614 850/517/608 843/512/607
f 837/508/601 852/519/615 838/509/602
f 837/508/601 718/413/504 852/519/615
f 853/508/616 839/440/603 838/509/602
f 852/519/615 853/508/616 838/509/602
f 716/415/506 744/441/529 853/508/616
f 839/440/603 853/508/616 744/441/529
f 854/521/618 841/511/606 855/520/617
f 536/278/351 537/281/352 856/522/619
f 856/522/619 537/281/352 851/518/614
f 856/522/619 851/518/614 843/512/607
f 856/522/619 843/512/607 842/510/605
f 534/280/342 536/278/351 857/523/552
f 857/523/552 541/285/356 539/283/354
f 538/284/355 540/282/353 858/524/620
f 859/525/621 536/278/351 856/522/619
f 541/285/356 857/523/552 859/525/621
f 841/511/606 854/521/618 859/525/621
f 859/525/621 857/523/552 536/278/351
f 842/510/605 841/511/606 859/525/621
f 859/525/621 856/522/619 842/510/605
f 859/525/621 854/521/618 541/285/356
f 631/336/425 635/337/426 860/526/493
f 634/338/427 860/526/493 635/337/426
f 860/526/493 861/527/491 631/336/425
f 855/520/617 841/511/606 862/528/622
f 631/336/425 862/528/622 635/337/426
f 632/335/424 862/528/622 631/336/425
f 632/335/424 855/520/617 862/528/622
f 863/529/623 646/349/438 633/339/428
f 646/349/438 863/529/623 841/511/606
f 862/528/622 841/511/606 863/529/623
f 862/528/622 863/529/623 635/337/426
f 633/339/428 635/337/426 863/529/623
f 778/423/555 864/424/525 664/368/458
f 778/423/555 779/470/422 865/369/624
f 865/369/624 864/424/525 778/423/555
f 865/369/624 668/370/460 667/371/461
f 667/371/461 864/424/525 865/369/624
f 866/532/627 867/531/626 868/530/625
f 537/281/352 869/533/620 851/518/614
f 869/533/620 537/281/352 535/279/340
f 544/286/357 545/289/355 870/534/569
f 871/536/629 705/403/491 872/535/628
f 872/535/628 705/403/491 704/404/492
f 873/538/630 874/537/427 753/449/537
f 753/449/537 874/537/427 790/476/565
f 875/516/631 762/458/544 814/495/586
f 792/410/566 762/458/544 875/516/631
f 792/410/566 875/516/631 689/391/478
f 876/539/632 656/360/449 655/361/450
f 877/540/633 760/457/543 768/463/548
f 768/463/548 878/541/634 877/540/633
f 878/541/634 876/539/632 877/540/633
f 657/359/448 879/543/636 880/542/635
f 880/542/635 879/543/636 881/544/637
f 868/530/625 882/545/638 866/532/627
f 883/546/639 668/370/460 882/545/638
f 882/545/638 868/530/625 883/546/639
f 668/370/460 883/546/639 669/369/459
f 845/514/609 884/539/641 885/540/640
f 753/449/537 752/450/538 886/547/642
f 886/547/642 873/538/630 753/449/537
f 661/367/455 887/548/643 789/475/564
f 887/548/643 752/450/538 754/448/536
f 887/548/643 661/367/455 840/475/604
f 887/548/643 754/448/536 789/475/564
f 888/549/565 633/339/428 645/350/439
f 634/338/427 633/339/428 888/549/565
f 645/350/439 775/466/554 888/549/565
f 631/336/425 861/527/491 889/550/629
f 889/550/629 629/333/422 628/334/423
f 889/550/629 628/334/423 631/336/425
f 890/551/630 704/404/492 703/405/493
f 703/405/493 891/552/427 890/551/630
f 892/545/645 668/370/460 893/546/644
f 894/530/628 892/545/645 893/546/644
f 865/369/624 893/546/644 668/370/460
f 895/553/646 757/451/539 756/452/540
f 895/553/646 679/381/469 757/451/539
f 896/554/422 775/466/554 774/467/421
f 892/545/645 897/555/647 668/370/460
f 668/370/460 897/555/647 882/545/638
f 871/536/629 872/535/628 898/556/644
f 711/391/499 755/453/541 899/557/648
f 849/495/613 847/516/611 899/557/648
f 899/557/648 678/382/470 737/433/522
f 899/557/648 847/516/611 711/391/499
f 678/382/470 899/557/648 755/453/541
f 899/557/648 737/433/522 849/495/613
f 787/473/563 900/388/649 796/480/571
f 900/388/649 901/507/650 796/480/571
f 902/542/653 903/544/652 904/543/651
f 813/492/579 812/493/584 905/494/654
f 905/494/654 906/558/655 813/492/579
f 644/346/435 907/559/656 642/348/437
f 767/462/547 907/559/656 769/348/550
f 769/348/550 907/559/656 644/346/435
f 907/559/656 767/462/547 642/348/437
f 908/532/492 892/545/645 894/530/628
f 844/513/608 909/560/614 632/335/424
f 909/560/614 858/524/620 540/282/353
f 910/561/657 909/560/614 540/282/353
f 540/282/353 541/285/356 910/561/657
f 541/285/356 854/521/618 910/561/657
f 910/561/657 854/521/618 855/520/617
f 632/335/424 910/561/657 855/520/617
f 909/560/614 910/561/657 632/335/424
f 911/564/660 912/563/659 913/562/658
f 749/447/535 914/566/647 915/565/645
f 823/502/465 749/447/535 915/565/645
f 916/568/612 802/485/576 917/567/595
f 802/485/576 918/569/597 917/567/595
f 802/485/576 801/486/577 918/569/597
f 919/570/570 547/291/360 544/286/357
f 870/534/569 919/570/570 544/286/357
f 879/543/636 920/571/661 881/544/637
f 881/544/637 920/571/661 921/572/662
f 921/572/662 920/571/661 922/573/663
f 879/543/636 922/573/663 920/571/661
f 770/456/549 923/463/664 767/462/547
f 923/463/664 771/457/551 885/540/640
f 771/457/551 923/463/664 770/456/549
f 924/497/666 925/352/665 695/395/463
f 925/352/665 649/351/440 695/395/463
f 647/353/442 925/352/665 693/386/482
f 925/352/665 647/353/442 649/351/440
f 925/352/665 786/385/562 693/386/482
f 926/575/668 927/574/667 921/572/662
f 926/575/668 911/564/660 928/576/669
f 927/574/667 926/575/668 928/576/669
f 913/562/658 928/576/669 911/564/660
f 929/577/670 791/411/567 688/392/479
f 690/390/477 929/577/670 688/392/479
f 771/457/551 930/578/671 885/540/640
f 845/514/609 930/578/671 822/500/590
f 930/578/671 845/514/609 885/540/640
f 638/340/429 931/579/635 636/342/431
f 677/377/465 676/378/466 932/580/592
f 755/453/541 711/391/499 933/581/431
f 934/504/672 792/410/566 793/477/568
f 934/504/672 799/482/574 792/410/566
f 934/504/672 935/483/568 799/482/574
f 936/510/675 937/349/674 938/512/673
f 676/378/466 939/582/676 932/580/592
f 932/580/592 939/582/676 940/583/532
f 731/425/516 730/426/517 941/584/677
f 718/413/504 731/425/516 941/584/677
f 718/413/504 941/584/677 852/519/615
f 853/508/616 942/413/678 716/415/506
f 717/414/505 716/415/506 942/413/678
f 941/584/677 942/413/678 852/519/615
f 942/413/678 853/508/616 852/519/615
f 742/438/526 717/414/505 943/425/679
f 943/425/679 942/413/678 941/584/677
f 942/413/678 943/425/679 717/414/505
f 730/426/517 943/425/679 941/584/677
f 730/426/517 729/427/518 943/425/679
f 742/438/526 943/425/679 729/427/518
f 725/422/512 944/419/680 782/417/558
f 782/417/558 944/419/680 722/421/511
f 725/422/512 736/432/433 944/419/680
f 723/420/452 722/421/511 944/419/680
f 818/499/500 945/340/681 819/412/589
f 580/281/392 581/278/393 946/522/682
f 938/512/673 946/522/682 936/510/675
f 581/278/393 947/525/683 946/522/682
f 936/510/675 946/522/682 947/525/683
f 948/558/580 811/494/585 813/492/579
f 906/558/655 905/494/654 949/585/684
f 948/558/580 950/586/598 949/585/684
f 949/585/684 950/586/598 906/558/655
f 811/494/585 948/558/580 949/585/684
f 951/587/448 952/341/429 953/412/681
f 954/588/685 708/406/494 707/407/495
f 955/589/686 913/562/658 912/563/659
f 912/563/659 954/588/685 955/589/686
f 955/589/686 954/588/685 707/407/495
f 956/588/687 955/589/686 707/407/495
f 913/562/658 955/589/686 957/563/688
f 955/589/686 956/588/687 957/563/688
f 707/407/495 706/408/496 958/406/689
f 707/407/495 958/406/689 956/588/687
f 959/590/690 793/477/568 791/411/567
f 959/590/690 960/591/691 793/477/568
f 961/384/692 925/352/665 924/497/666
f 787/473/563 786/385/562 961/384/692
f 925/352/665 961/384/692 786/385/562
f 809/489/581 962/592/693 807/491/534
f 930/578/671 962/592/693 822/500/590
f 809/489/581 822/500/590 962/592/693
f 962/592/693 963/593/694 807/491/534
f 964/594/695 962/592/693 930/578/671
f 771/457/551 964/594/695 930/578/671
f 963/593/694 962/592/693 964/594/695
f 771/457/551 769/348/550 964/594/695
f 965/578/696 760/457/543 877/540/633
f 966/597/389 967/596/387 968/595/697
f 969/599/699 970/598/698 968/595/697
f 968/595/697 970/598/698 966/597/389
f 971/601/388 969/599/699 972/600/700
f 972/600/700 969/599/699 968/595/697
f 970/598/698 973/602/701 966/597/389
f 973/602/701 974/603/391 966/597/389
f 975/604/702 969/599/699 971/601/388
f 969/599/699 975/604/702 970/598/698
f 975/604/702 973/602/701 970/598/698
f 974/603/391 973/602/701 975/604/702
f 976/517/704 938/512/673 977/467/703
f 978/448/705 887/548/643 840/475/604
f 979/476/706 978/448/705 840/475/604
f 752/450/538 887/548/643 978/448/705
f 727/423/513 980/469/707 663/365/453
f 980/469/707 840/475/604 663/365/453
f 840/475/604 980/469/707 979/476/706
f 558/300/368 559/303/371 981/605/708
f 913/562/658 957/563/688 982/564/709
f 928/576/669 913/562/658 982/564/709
f 981/605/708 982/564/709 957/563/688
f 983/606/710 733/429/520 804/487/579
f 815/496/587 733/429/520 983/606/710
f 983/606/710 984/607/711 815/496/587
f 985/608/712 811/494/585 949/585/684
f 548/294/363 986/609/713 549/293/362
f 987/550/715 988/527/626 989/336/714
f 949/585/684 990/610/716 985/608/712
f 989/336/714 991/528/718 992/335/717
f 987/550/715 989/336/714 993/334/719
f 993/334/719 989/336/714 992/335/717
f 661/367/455 994/611/720 662/366/454
f 994/611/720 661/367/455 665/366/457
f 995/612/721 811/494/585 985/608/712
f 996/613/722 881/544/637 921/572/662
f 927/574/667 996/613/722 921/572/662
f 903/544/652 997/614/723 996/613/722
f 690/390/477 689/391/478 998/581/724
f 999/616/726 998/581/724 1000/615/725
f 895/553/646 1001/618/722 1002/617/723
f 998/581/724 1002/617/723 1000/615/725
f 1003/504/727 1004/410/477 1005/477/501
f 1006/619/533 807/491/534 963/593/694
f 1006/619/533 644/346/435 643/347/436
f 1007/410/568 1008/504/691 1009/482/599
f 1010/620/599 960/591/691 959/590/690
f 1011/557/728 875/516/631 814/495/586
f 875/516/631 1011/557/728 689/391/478
f 814/495/586 816/433/588 1011/557/728
f 1012/621/725 997/614/723 903/544/652
f 1004/410/477 1003/504/727 1013/482/567
f 1014/504/670 1015/483/477 1013/482/567
f 990/610/716 1016/622/729 985/608/712
f 985/608/712 1016/622/729 995/612/721
f 1017/608/730 1016/622/729 990/610/716
f 949/585/684 905/494/654 1017/608/730
f 1017/608/730 905/494/654 995/612/721
f 995/612/721 1016/622/729 1017/608/730
f 990/610/716 949/585/684 1017/608/730
f 903/544/652 1018/623/726 1012/621/725
f 998/581/724 999/616/726 1019/624/652
f 1020/625/610 1010/620/599 959/590/690
f 959/590/690 791/411/567 1020/625/610
f 996/613/722 927/574/667 1021/572/731
f 903/544/652 996/613/722 1021/572/731
f 903/544/652 1022/571/732 904/543/651
f 1021/572/731 1022/571/732 903/544/652
f 883/546/639 1023/470/733 669/369/459
f 1023/470/733 727/423/513 669/369/459
f 1023/470/733 980/469/707 727/423/513
f 1024/489/736 1025/500/735 1026/501/734
f 593/321/405 591/319/403 1027/626/663
f 593/321/405 1027/626/663 1028/627/737
f 592/318/402 593/321/405 1028/627/737
f 923/463/664 1029/628/738 767/462/547
f 1029/628/738 768/463/548 767/462/547
f 954/588/685 1030/629/739 708/406/494
f 878/541/634 768/463/548 1030/629/739
f 1030/629/739 706/408/496 708/406/494
f 768/463/548 1029/628/738 1030/629/739
f 706/408/496 1030/629/739 1029/628/738
f 1031/630/365 555/299/367 553/297/365
f 1032/377/593 1033/379/740 1034/631/638
f 982/564/709 1035/575/741 928/576/669
f 1035/575/741 927/574/667 928/576/669
f 927/574/667 1035/575/741 1021/572/731
f 981/605/708 559/303/371 1035/575/741
f 982/564/709 981/605/708 1035/575/741
f 957/563/688 1036/632/742 981/605/708
f 1036/632/742 558/300/368 981/605/708
f 1036/632/742 957/563/688 956/588/687
f 956/588/687 1037/629/743 1036/632/742
f 1029/628/738 923/463/664 1037/629/743
f 1037/629/743 956/588/687 958/406/689
f 1037/629/743 706/408/496 1029/628/738
f 706/408/496 1037/629/743 958/406/689
f 885/540/640 884/539/641 1038/541/744
f 923/463/664 1038/541/744 1037/629/743
f 1038/541/744 923/463/664 885/540/640
f 1037/629/743 1038/541/744 1036/632/742
f 878/541/634 1039/633/745 876/539/632
f 656/360/449 876/539/632 1039/633/745
f 878/541/634 1030/629/739 1040/632/746
f 1039/633/745 878/541/634 1040/632/746
f 912/563/659 1040/632/746 954/588/685
f 1030/629/739 954/588/685 1040/632/746
f 1041/573/747 1022/571/732 1021/572/731
f 1041/573/747 904/543/651 1022/571/732
f 559/303/371 557/301/369 1041/573/747
f 1042/634/748 816/433/588 815/496/587
f 815/496/587 984/607/711 1042/634/748
f 816/433/588 1042/634/748 680/380/468
f 1042/634/748 737/433/522 680/380/468
f 1043/635/749 557/301/369 556/302/370
f 1043/635/749 904/543/651 1041/573/747
f 1041/573/747 557/301/369 1043/635/749
f 556/302/370 1044/636/750 1043/635/749
f 556/302/370 558/300/368 1045/633/751
f 1045/633/751 1038/541/744 884/539/641
f 1045/633/751 558/300/368 1036/632/742
f 1038/541/744 1045/633/751 1036/632/742
f 1046/347/752 769/348/550 644/346/435
f 964/594/695 769/348/550 1046/347/752
f 1046/347/752 963/593/694 964/594/695
f 644/346/435 1006/619/533 1046/347/752
f 1046/347/752 1006/619/533 963/593/694
f 904/543/651 1043/635/749 1047/359/753
f 1043/635/749 1044/636/750 1047/359/753
f 904/543/651 1047/359/753 902/542/653
f 710/411/500 1048/577/754 766/392/546
f 1025/500/735 1049/592/755 965/578/696
f 1024/489/736 1049/592/755 1025/500/735
f 679/381/469 895/553/646 1050/451/756
f 1002/617/723 1051/452/757 895/553/646
f 1050/451/756 895/553/646 1051/452/757
f 1052/637/758 664/368/458 864/424/525
f 665/366/457 664/368/458 1052/637/758
f 665/366/457 1053/638/759 994/611/720
f 1052/637/758 1053/638/759 665/366/457
f 1044/636/750 1054/360/760 1047/359/753
f 1054/360/760 1044/636/750 556/302/370
f 556/302/370 1045/633/751 1054/360/760
f 884/539/641 1054/360/760 1045/633/751
f 884/539/641 845/514/609 1055/361/761
f 1054/360/760 884/539/641 1055/361/761
f 1054/360/760 1055/361/761 1047/359/753
f 846/515/610 1047/359/753 1055/361/761
f 846/515/610 1055/361/761 845/514/609
f 1035/575/741 1056/639/762 1021/572/731
f 1021/572/731 1056/639/762 1041/573/747
f 559/303/371 1056/639/762 1035/575/741
f 1041/573/747 1056/639/762 559/303/371
f 1057/412/763 638/340/429 637/341/430
f 728/424/515 726/368/514 1058/637/764
f 726/368/514 662/366/454 1058/637/764
f 1058/637/764 1059/640/765 728/424/515
f 1059/640/765 667/371/461 728/424/515
f 1051/452/757 1060/453/766 1050/451/756
f 1011/557/728 1060/453/766 689/391/478
f 1060/453/766 1002/617/723 998/581/724
f 1051/452/757 1002/617/723 1060/453/766
f 689/391/478 1060/453/766 998/581/724
f 1061/640/767 1052/637/758 864/424/525
f 667/371/461 1061/640/767 864/424/525
f 808/490/582 1062/641/599 809/489/581
f 846/515/610 821/501/591 1062/641/599
f 1062/641/599 821/501/591 809/489/581
f 584/284/394 587/315/399 1063/642/768
f 1063/642/768 1064/524/769 584/284/394
f 582/282/396 584/284/394 1064/524/769
f 1065/514/770 876/539/632 655/361/450
f 877/540/633 876/539/632 1065/514/770
f 877/540/633 1065/514/770 965/578/696
f 965/578/696 1065/514/770 1025/500/735
f 1026/501/734 1025/500/735 1065/514/770
f 1066/430/772 1067/459/771 848/458/612
f 816/433/588 680/380/468 1068/382/773
f 1068/382/773 1011/557/728 816/433/588
f 679/381/469 1068/382/773 680/380/468
f 1050/451/756 1068/382/773 679/381/469
f 1050/451/756 1060/453/766 1068/382/773
f 1060/453/766 1011/557/728 1068/382/773
f 1069/491/594 1049/592/755 1024/489/736
f 1069/491/594 1006/619/533 1070/593/774
f 1069/491/594 1070/593/774 1049/592/755
f 1006/619/533 643/347/436 1070/593/774
f 811/494/585 995/612/721 1071/643/775
f 1071/643/775 812/493/584 811/494/585
f 905/494/654 812/493/584 1071/643/775
f 1071/643/775 995/612/721 905/494/654
f 1066/430/772 848/458/612 1072/428/776
f 1072/428/776 848/458/612 849/495/613
f 802/485/576 1073/429/771 804/487/579
f 802/485/576 916/568/612 1073/429/771
f 1073/429/771 983/606/710 804/487/579
f 1066/430/772 1072/428/776 1073/429/771
f 1072/428/776 849/495/613 1073/429/771
f 1048/577/754 1074/390/777 766/392/546
f 933/581/431 711/391/499 1074/390/777
f 1075/644/430 933/581/431 1074/390/777
f 1074/390/777 711/391/499 766/392/546
f 1076/590/778 1077/620/577 1078/625/681
f 710/411/500 1076/590/778 1078/625/681
f 998/581/724 1079/644/502 690/390/477
f 758/455/503 690/390/477 1079/644/502
f 1080/412/779 1081/587/501 1082/340/610
f 1082/340/610 1083/499/567 1080/412/779
f 714/341/502 1084/342/724 715/340/501
f 587/315/399 1085/645/780 1063/642/768
f 588/316/400 1085/645/780 587/315/399
f 1086/568/544 805/485/578 733/429/520
f 1086/568/544 1087/567/574 805/485/578
f 1088/431/781 723/420/452 944/419/680
f 1088/431/781 944/419/680 736/432/433
f 1089/488/655 832/505/598 802/485/576
f 804/487/579 1089/488/655 802/485/576
f 580/281/392 1090/533/769 563/279/375
f 562/304/372 563/279/375 1091/646/768
f 563/279/375 1090/533/769 1091/646/768
f 1092/631/645 675/379/467 677/377/465
f 682/384/472 1093/647/447 817/497/524
f 1093/647/447 682/384/472 660/363/445
f 642/348/437 1094/594/782 643/347/436
f 642/348/437 760/457/543 1094/594/782
f 1094/594/782 1070/593/774 643/347/436
f 1049/592/755 1094/594/782 965/578/696
f 1049/592/755 1070/593/774 1094/594/782
f 1094/594/782 760/457/543 965/578/696
f 939/582/676 1095/648/783 940/583/532
f 940/583/532 1095/648/783 1096/582/784
f 1064/524/769 1097/560/785 582/282/396
f 1097/560/785 1098/513/704 992/335/717
f 993/334/719 992/335/717 1098/513/704
f 1073/429/771 1099/496/786 983/606/710
f 849/495/613 737/433/522 1099/496/786
f 984/607/711 983/606/710 1099/496/786
f 984/607/711 1099/496/786 1042/634/748
f 737/433/522 1042/634/748 1099/496/786
f 1099/496/786 1073/429/771 849/495/613
f 829/504/596 1100/477/597 712/410/498
f 1100/477/597 1076/590/778 710/411/500
f 710/411/500 712/410/498 1100/477/597
f 1084/342/724 1101/579/653 715/340/501
f 1101/579/653 1084/342/724 1102/649/652
f 1003/504/727 1103/483/501 1013/482/567
f 1104/455/763 1075/644/430 1074/390/777
f 1104/455/763 1074/390/777 1105/454/429
f 993/334/719 1106/333/733 987/550/715
f 1106/333/733 993/334/719 1107/332/703
f 1107/332/703 993/334/719 1098/513/704
f 991/528/718 989/336/714 1108/337/787
f 1109/338/789 1110/339/788 1108/337/787
f 640/344/433 639/345/434 1111/343/790
f 1112/647/791 961/384/692 924/497/666
f 1112/647/791 1113/363/792 961/384/692
f 1110/339/788 1109/338/789 1114/549/706
f 1115/350/793 977/467/703 938/512/673
f 1110/339/788 1114/549/706 1115/350/793
f 1110/339/788 1115/350/793 937/349/674
f 1115/350/793 938/512/673 937/349/674
f 651/355/444 1116/356/792 652/354/443
f 1117/357/794 652/354/443 1116/356/792
f 1116/356/792 1118/358/791 1117/357/794
f 652/354/443 1117/357/794 671/372/455
f 659/364/452 1119/362/781 1113/363/792
f 1111/343/790 1119/362/781 640/344/433
f 868/530/625 1120/650/715 883/546/639
f 867/531/626 1120/650/715 868/530/625
f 883/546/639 1120/650/715 1023/470/733
f 1117/357/794 1121/373/454 671/372/455
f 673/375/463 672/376/464 1122/374/795
f 1123/378/796 1033/379/740 1032/377/593
f 951/587/448 1124/342/635 952/341/429
f 1119/362/781 1111/343/790 1125/383/797
f 787/473/563 961/384/692 1125/383/797
f 900/388/649 787/473/563 1125/383/797
f 1119/362/781 1125/383/797 1113/363/792
f 1111/343/790 900/388/649 1125/383/797
f 1113/363/792 1125/383/797 961/384/692
f 1126/389/798 900/388/649 1111/343/790
f 1111/343/790 639/345/434 1126/389/798
f 900/388/649 1126/389/798 901/507/650
f 585/283/397 1127/523/799 586/314/398
f 583/285/395 1127/523/799 585/283/397
f 581/278/393 561/280/373 1127/523/799
f 1127/523/799 561/280/373 560/305/374
f 1127/523/799 583/285/395 947/525/683
f 1127/523/799 947/525/683 581/278/393
f 1127/523/799 1128/651/800 586/314/398
f 589/317/401 586/314/398 1128/651/800
f 1128/651/800 1127/523/799 560/305/374
f 1129/397/801 796/480/571 901/507/650
f 1129/397/801 1130/398/803 1131/396/802
f 1131/396/802 796/480/571 1129/397/801
f 1131/396/802 565/273/377 796/480/571
f 567/271/379 1131/396/802 569/274/381
f 567/271/379 565/273/377 1131/396/802
f 1130/398/803 1129/397/801 1132/400/804
f 1133/401/805 1132/400/804 1129/397/801
f 1131/396/802 1134/402/806 569/274/381
f 571/276/383 569/274/381 1134/402/806
f 1131/396/802 1130/398/803 1134/402/806
f 866/532/627 1135/652/807 867/531/626
f 1136/481/808 712/410/498 848/458/612
f 1136/481/808 830/482/595 712/410/498
f 1137/409/809 780/399/556 568/275/380
f 568/275/380 570/277/382 1137/409/809
f 1026/501/734 1065/514/770 1138/515/681
f 1065/514/770 655/361/450 1138/515/681
f 657/359/448 1138/515/681 655/361/450
f 1117/357/794 1139/434/810 1121/373/454
f 1139/434/810 1117/357/794 1118/358/791
f 1140/435/666 673/375/463 1122/374/795
f 1118/358/791 1140/435/666 1139/434/810
f 1140/435/666 1122/374/795 1139/434/810
f 741/437/461 1141/436/515 672/376/464
f 1141/436/515 1122/374/795 672/376/464
f 978/448/705 979/476/706 1142/449/811
f 752/450/538 1142/449/811 886/547/642
f 1142/449/811 752/450/538 978/448/705
f 795/478/569 1143/653/620 523/267/340
f 1133/401/805 1129/397/801 1144/460/812
f 1126/389/798 639/345/434 1144/460/812
f 1129/397/801 901/507/650 1144/460/812
f 1144/460/812 901/507/650 1126/389/798
f 1133/401/805 1145/461/556 1132/400/804
f 1133/401/805 1144/460/812 1145/461/556
f 1145/461/556 1144/460/812 639/345/434
f 1146/639/813 926/575/668 921/572/662
f 1146/639/813 921/572/662 922/573/663
f 977/467/703 1115/350/793 1147/466/707
f 1114/549/706 1147/466/707 1115/350/793
f 1148/654/422 871/536/629 898/556/644
f 1148/654/422 898/556/644 1149/655/624
f 1139/434/810 1150/468/514 1121/373/454
f 1139/434/810 1122/374/795 1150/468/514
f 1122/374/795 1141/436/515 1150/468/514
f 1001/618/722 895/553/646 1151/617/814
f 756/452/540 1151/617/814 895/553/646
f 1151/617/814 755/453/541 933/581/431
f 1151/617/814 756/452/540 755/453/541
f 1152/474/809 1132/400/804 1145/461/556
f 1153/656/780 562/304/372 1091/646/768
f 972/600/700 968/595/697 1154/657/385
f 1154/657/385 968/595/697 967/596/387
f 1155/658/384 971/601/388 972/600/700
f 975/604/702 1156/659/390 974/603/391
f 1156/659/390 975/604/702 971/601/388
f 1136/481/808 1157/483/612 830/482/595
f 1039/633/745 1158/302/402 656/360/449
f 1154/657/385 1159/660/386 972/600/700
f 972/600/700 1159/660/386 1155/658/384
f 866/532/627 1160/661/815 1135/652/807
f 1161/521/816 947/525/683 583/285/395
f 1161/521/816 583/285/395 1162/561/817
f 583/285/395 582/282/396 1162/561/817
f 1097/560/785 1162/561/817 582/282/396
f 1162/561/817 1097/560/785 992/335/717
f 947/525/683 1163/511/818 936/510/675
f 1163/511/818 937/349/674 936/510/675
f 1161/521/816 1163/511/818 947/525/683
f 1164/518/785 946/522/682 938/512/673
f 580/281/392 946/522/682 1164/518/785
f 976/517/704 1164/518/785 938/512/673
f 1090/533/769 580/281/392 1164/518/785
f 1162/561/817 992/335/717 1165/520/819
f 1163/511/818 1161/521/816 1165/520/819
f 1163/511/818 1165/520/819 991/528/718
f 1165/520/819 992/335/717 991/528/718
f 1161/521/816 1162/561/817 1165/520/819
f 1108/337/787 989/336/714 1166/526/807
f 988/527/626 1166/526/807 989/336/714
f 1108/337/787 1166/526/807 1109/338/789
f 1167/529/820 937/349/674 1163/511/818
f 1167/529/820 991/528/718 1108/337/787
f 1108/337/787 1110/339/788 1167/529/820
f 937/349/674 1167/529/820 1110/339/788
f 1163/511/818 991/528/718 1167/529/820
f 1168/537/789 1142/449/811 979/476/706
f 1168/537/789 1169/538/815 1142/449/811
f 1169/538/815 886/547/642 1142/449/811
f 1170/341/501 1171/342/653 1172/587/753
f 1173/662/789 1135/652/807 1160/661/815
f 1026/501/734 1138/515/681 1174/641/577
f 1024/489/736 1026/501/734 1174/641/577
f 1147/466/707 1175/554/733 977/467/703
f 1176/663/444 659/364/452 1113/363/792
f 660/363/445 659/364/452 1176/663/444
f 879/543/636 1177/635/737 922/573/663
f 1177/635/737 879/543/636 657/359/448
f 749/447/535 827/502/593 1178/565/638
f 914/566/647 749/447/535 1178/565/638
f 545/289/355 1179/664/620 870/534/569
f 1146/639/813 922/573/663 1180/303/403
f 1146/639/813 1180/303/403 926/575/668
f 911/564/660 1181/605/821 912/563/659
f 1180/303/403 1181/605/821 926/575/668
f 1181/605/821 911/564/660 926/575/668
f 1040/632/746 912/563/659 1181/605/821
f 1096/582/784 1182/580/531 940/583/532
f 1096/582/784 1123/378/796 1182/580/531
f 1123/378/796 1032/377/593 1182/580/531
f 1183/300/404 1158/302/402 1039/633/745
f 1183/300/404 1040/632/746 1181/605/821
f 1183/300/404 1039/633/745 1040/632/746
f 1184/591/822 1076/590/778 1100/477/597
f 1184/591/822 1077/620/577 1076/590/778
f 1185/504/823 1186/410/777 1187/482/500
f 1188/482/577 1189/504/822 1190/410/597
f 1174/641/577 1191/490/575 1024/489/736
f 1024/489/736 1191/490/575 1069/491/594
f 1080/412/779 1083/499/567 1192/498/501
f 1193/667/767 1194/666/461 1195/665/525
f 1186/410/777 1185/504/823 1196/477/429
f 1194/666/461 1197/667/765 1198/665/515
f 1199/668/758 1193/667/767 1195/665/525
f 1197/667/765 1200/668/764 1198/665/515
f 1201/669/458 1199/668/758 1195/665/525
f 1202/669/514 1198/665/515 1200/668/764
f 1201/669/458 1203/670/457 1199/668/758
f 1204/670/454 1202/669/514 1200/668/764
f 1205/671/759 1199/668/758 1203/670/457
f 1200/668/764 1206/671/824 1204/670/454
f 1205/671/759 1203/670/457 1207/672/720
f 1206/671/824 1207/672/720 1204/670/454
f 1208/673/455 1207/672/720 1203/670/457
f 1207/672/720 1208/673/455 1204/670/454
f 1209/587/429 819/412/589 945/340/681
f 1210/504/754 1187/482/500 1211/483/777
f 1212/609/409 596/294/406 597/293/409
f 656/360/449 1213/636/825 657/359/448
f 1213/636/825 1177/635/737 657/359/448
f 1213/636/825 656/360/449 1158/302/402
f 1087/567/574 1214/569/568 805/485/578
f 1214/569/568 835/486/599 805/485/578
f 591/319/403 590/320/404 1215/674/821
f 1216/614/814 881/544/637 996/613/722
f 1151/617/814 933/581/431 1217/615/826
f 933/581/431 1218/616/827 1217/615/826
f 1185/504/823 1187/482/500 1219/483/429
f 1216/614/814 1220/621/826 881/544/637
f 1221/623/827 881/544/637 1220/621/826
f 1218/616/827 933/581/431 1222/624/637
f 636/342/431 931/579/635 1223/649/637
f 994/611/720 1224/638/824 662/366/454
f 1224/638/824 1058/637/764 662/366/454
f 599/299/411 1225/630/828 601/297/412
f 1226/675/825 592/318/402 1028/627/737
f 1227/678/831 1228/677/830 1229/676/829
f 1230/678/834 1231/679/833 1232/676/832
f 1227/678/831 1233/680/835 1228/677/830
f 1233/680/835 1230/678/834 1234/677/836
f 1232/676/832 1234/677/836 1230/678/834
f 1234/677/836 1235/681/837 1233/680/835
f 1235/681/837 1228/677/830 1233/680/835
f 1236/678/840 1237/679/839 1238/676/838
f 1239/677/843 1240/676/842 1241/678/841
f 1242/679/844 1227/678/831 1229/676/829
f 1243/677/845 1236/678/840 1238/676/838
f 1244/679/846 1241/678/841 1240/676/842
f 1245/680/847 1236/678/840 1243/677/845
f 1241/678/841 1245/680/847 1239/677/843
f 1246/681/848 1239/677/843 1245/680/847
f 1243/677/845 1246/681/848 1245/680/847
f 1170/341/501 1172/587/753 1247/412/610
# 986 facets

